Sex,Length,Diameter,Height,WholeWeight,ShuckedWeight,VisceraWeight,ShellWeight,Rings,PCA1,PCA2,Actual,Predicted
,0.605,0.455,0.16,1.1035,0.421,0.3015,0.325,9,1.641348268003955,1.6415833506002886,1,1
,0.59,0.44,0.15,0.8725,0.387,0.215,0.245,8,0.837474494782472,1.6372626031262107,0,0
,0.56,0.445,0.195,0.981,0.305,0.2245,0.335,16,1.4285576013818124,-1.8401662709741424,0,0
,0.635,0.49,0.17,1.2615,0.5385,0.2665,0.38,9,2.386464235072294,-1.7709014152961402,1,1
,0.475,0.385,0.145,0.6175,0.235,0.108,0.215,14,-0.7934705590650045,1.5929732100737222,0,0
,0.52,0.38,0.14,0.525,0.1775,0.115,0.185,11,-0.9292351016089212,-0.1406897929338467,0,0
,0.52,0.39,0.13,0.5545,0.2355,0.1095,0.1895,7,-0.8546662506206483,-0.1204937016224626,0,0
,0.48,0.375,0.115,0.6765,0.3205,0.1065,0.17,6,-1.0151107493664384,1.6353120313238525,0,0
,0.365,0.28,0.09,0.196,0.0865,0.036,0.0605,7,-3.806416994903445,-0.1629801851967011,2,2
,0.585,0.465,0.145,0.9855,0.4325,0.2145,0.2845,10,1.2041005398319014,-1.781869846945369,0,0
,0.585,0.45,0.17,0.8685,0.3325,0.1635,0.27,22,0.8559081032249607,-1.828162253697544,0,0
,0.36,0.26,0.09,0.1785,0.0645,0.037,0.075,7,-3.914791874833788,-0.1674821376562987,2,2
,0.48,0.4,0.125,0.759,0.2125,0.179,0.24,15,-0.4440322486294564,-1.82745393353073,0,0
,0.365,0.295,0.095,0.25,0.1075,0.0545,0.08,9,-3.492774319082151,-0.1585870567916932,2,2
,0.495,0.375,0.12,0.614,0.2855,0.1365,0.161,8,-0.9329503233913966,-0.0957593047933072,0,0
,0.565,0.455,0.17,0.9065,0.342,0.156,0.32,18,0.9380606928791994,1.6113467394260024,0,0
,0.58,0.475,0.15,0.97,0.385,0.2165,0.35,11,1.3342341132599078,1.6378743801189972,0,0
,0.55,0.41,0.125,0.7605,0.2505,0.1635,0.195,14,-0.3173533791885999,1.6147032533414385,0,0
,0.7,0.55,0.195,1.6245,0.675,0.347,0.535,13,4.334718628180852,1.6972890393229716,1,1
,0.5,0.38,0.12,0.5765,0.273,0.135,0.145,9,-1.018929043418861,1.6170491183161266,0,0
,0.725,0.575,0.175,2.124,0.765,0.4515,0.85,20,6.255969736632648,-1.68128971154007,1,1
,0.705,0.57,0.18,1.5345,0.96,0.4195,0.43,12,4.738518055659519,-1.6615866752868111,1,1
,0.62,0.495,0.18,1.2555,0.5765,0.254,0.355,12,2.354040435157028,1.6678471593251631,1,1
,0.625,0.49,0.165,1.1165,0.4895,0.2615,0.3325,11,1.9067379404201932,1.6499600265933716,1,1
,0.595,0.45,0.145,0.959,0.463,0.2065,0.2535,10,1.0542367231328325,1.6612114556508282,0,0
,0.435,0.345,0.12,0.4475,0.221,0.112,0.125,7,-2.115049843859879,-0.1395988240619462,2,2
,0.52,0.41,0.14,0.5995,0.242,0.1375,0.182,11,-0.552599953215872,-0.1225492408617165,0,0
,0.515,0.39,0.12,0.6125,0.302,0.1365,0.1415,8,-0.8486869077137197,1.624672895156554,0,0
,0.575,0.445,0.16,0.839,0.4005,0.198,0.239,9,0.8118838941669765,1.63210080860174,0,0
,0.51,0.375,0.15,0.8415,0.3845,0.156,0.255,10,0.096134436602519,-0.0789582559984029,0,0
,0.51,0.41,0.155,1.2825,0.569,0.291,0.3795,9,1.6233965562658583,1.6941518583827575,1,1
,0.625,0.49,0.165,1.205,0.5175,0.3105,0.3465,10,2.252227205209085,1.6637448024031007,1,1
,0.365,0.27,0.085,0.197,0.0815,0.0325,0.065,6,-3.900024564841994,-0.1606352025738792,2,2
,0.5,0.375,0.15,0.636,0.2535,0.145,0.19,10,-0.5923169548613241,1.5979248320123145,0,0
,0.495,0.37,0.125,0.4715,0.2075,0.091,0.15,8,-1.368676597473706,-0.1266145935253227,0,0
,0.575,0.46,0.16,1.103,0.538,0.221,0.249,9,1.4927553146489472,-1.7581184727389962,0,0
,0.3,0.225,0.075,0.1345,0.057,0.028,0.044,5,-4.569275748064763,-0.1581401595468219,2,2
,0.11,0.09,0.03,0.008,0.0025,0.002,0.003,3,-6.589971111222978,-0.1353889067668746,2,2
,0.47,0.36,0.11,0.4965,0.237,0.127,0.13,6,-1.4610357918043932,-1.823584814647883,0,0
,0.33,0.265,0.085,0.196,0.0775,0.0305,0.0445,6,-4.114266187960611,-0.1601190729059331,2,2
,0.72,0.575,0.215,2.173,0.9515,0.564,0.5365,12,6.445102632239396,1.7889576599141366,1,1
,0.71,0.53,0.195,1.8745,0.6755,0.4065,0.6855,12,5.186002169653014,-1.7235836033531875,1,1
,0.635,0.51,0.155,1.156,0.428,0.289,0.315,18,1.9080131185212303,1.642792836460803,1,1
,0.53,0.4,0.125,0.617,0.279,0.127,0.19,8,-0.6269624872866573,-0.1040722894254175,0,0
,0.565,0.45,0.14,1.0055,0.3785,0.244,0.265,12,0.965972528278742,1.648922288568011,0,0
,0.72,0.575,0.17,1.9335,0.913,0.389,0.51,13,5.091227154494639,-1.6515217582909747,1,1
,0.555,0.44,0.155,1.016,0.4935,0.1855,0.263,10,1.0542838201114415,-1.7701621694843217,0,0
,0.58,0.455,0.135,0.7955,0.405,0.167,0.204,10,0.4052476387895549,1.6434844608846455,0,0
,0.525,0.425,0.12,0.8665,0.2825,0.176,0.29,18,0.0815524002028028,1.6297334297060295,0,0
,0.17,0.13,0.095,0.03,0.013,0.008,0.01,4,-5.5651531847594535,-0.1749799985060475,2,2
,0.35,0.265,0.08,0.192,0.081,0.0465,0.053,6,-4.004191976185146,-0.1562262962263548,2,2
,0.64,0.525,0.215,1.779,0.4535,0.2855,0.55,22,3.7889038782595854,-1.7970728876282498,1,1
,0.52,0.41,0.11,0.5185,0.2165,0.0915,0.184,8,-1.095956397897808,-0.117602233285369,0,0
,0.175,0.125,0.05,0.0235,0.008,0.0035,0.008,5,-6.004243465434512,-0.1498530254062039,2,2
,0.395,0.29,0.095,0.3,0.158,0.068,0.078,7,-3.2343736235912592,-0.1436192909531598,2,2
,0.535,0.45,0.155,0.8075,0.3655,0.148,0.2595,10,0.4555617417942982,-0.0954475976974819,0,0
,0.6,0.47,0.175,1.105,0.4865,0.247,0.315,15,1.7089057221418196,1.6444324083782704,1,1
,0.67,0.55,0.17,1.247,0.472,0.2455,0.4,21,2.5656575306169094,1.641156453841462,1,1
,0.58,0.44,0.145,0.7905,0.3525,0.1645,0.242,10,0.4515278727762412,-0.0928345203836319,0,0
,0.35,0.26,0.09,0.195,0.0745,0.041,0.0655,9,-3.947553132767788,1.5544581481852997,2,2
,0.605,0.475,0.175,1.382,0.609,0.2325,0.3985,10,2.423286415975661,-1.7511673226055553,1,1
,0.67,0.52,0.19,1.32,0.5235,0.3095,0.4275,13,3.1238390443371764,-1.78496890406342,1,1
,0.615,0.47,0.145,1.0285,0.4435,0.2825,0.285,11,1.5985710302987663,1.661808246589833,0,0
,0.395,0.31,0.095,0.313,0.131,0.072,0.093,7,-3.1316111674414637,-0.1510716706027494,2,2
,0.455,0.355,0.08,0.452,0.2165,0.0995,0.125,9,-2.4104157518488813,-0.1189344901131255,2,2
,0.665,0.505,0.16,1.289,0.6145,0.253,0.3665,11,2.497327982569005,1.6881790185810923,1,1
,0.225,0.165,0.055,0.059,0.027,0.0125,0.015,4,-5.507390238948339,-0.150746741379592,2,2
,0.365,0.255,0.08,0.1985,0.0785,0.0345,0.053,5,-4.037527850806643,-0.1568740588913812,2,2
,0.515,0.4,0.125,0.5625,0.25,0.1245,0.17,7,-0.8429159885818082,-0.1131932061067378,0,0
,0.535,0.435,0.15,0.725,0.269,0.1385,0.25,9,0.0260351984275007,1.599035376822372,0,0
,0.655,0.55,0.18,1.274,0.586,0.281,0.365,10,2.8608287749526222,1.6670764813349428,1,1
,0.505,0.41,0.15,0.644,0.285,0.145,0.21,11,-0.2740332576497851,-1.833433878027732,0,0
,0.415,0.305,0.105,0.3605,0.12,0.082,0.1,10,-2.900428504625328,-1.8751470258538627,2,2
,0.445,0.32,0.12,0.414,0.199,0.09,0.117,7,-2.3738162256520576,1.572059021460325,2,2
,0.41,0.315,0.095,0.306,0.121,0.0735,0.09,9,-3.1048774927674048,1.5635444003875385,2,2
,0.645,0.5,0.175,1.5105,0.6735,0.3755,0.3775,12,3.316519090834117,1.712356481428374,1,1
,0.63,0.485,0.175,1.3,0.4335,0.2945,0.46,23,2.534159546425149,1.6400986047374015,1,1
,0.635,0.51,0.175,1.2125,0.5735,0.261,0.36,14,2.457118697331696,-1.769448446457813,1,1
,0.59,0.475,0.145,1.053,0.4415,0.262,0.325,15,1.590904302432386,1.6611742986887217,0,0
,0.525,0.4,0.14,0.601,0.2625,0.1285,0.1835,9,-0.5674512666733754,-0.1174069248218398,0,0
,0.465,0.39,0.14,0.5555,0.213,0.1075,0.215,15,-0.9089344104800458,-1.8486851346480253,0,0
,0.58,0.475,0.165,1.0385,0.414,0.26,0.305,13,1.6432934014100735,-1.793821162324425,0,0
,0.635,0.495,0.175,1.2355,0.5205,0.3085,0.347,10,2.4565549600594223,-1.777004538154012,1,1
,0.47,0.38,0.125,0.4845,0.211,0.1075,0.142,6,-1.3576623585160064,-0.1241448316517401,0,0
,0.375,0.29,0.085,0.2385,0.118,0.045,0.0695,7,-3.6239304763866262,-0.1510191487187213,2,2
,0.555,0.425,0.13,0.7665,0.264,0.168,0.275,13,0.082176868948629,1.6133569935689815,0,0
,0.555,0.445,0.13,0.8625,0.4225,0.155,0.24,9,0.3820423739646367,1.6543222049883672,0,0
,0.47,0.37,0.14,0.4985,0.2095,0.1225,0.145,10,-1.193084363267463,-0.13105052878989,0,0
,0.68,0.55,0.175,1.798,0.815,0.3925,0.455,19,4.46024889791465,-1.6807020028395327,1,1
,0.575,0.435,0.13,1.0105,0.368,0.222,0.32,10,0.9123774541532078,1.6515492162785996,0,0
,0.46,0.34,0.135,0.495,0.1655,0.117,0.185,10,-1.4002276142020542,1.5811337254683149,0,0
,0.55,0.43,0.14,0.7135,0.2565,0.186,0.225,9,0.0743383058796026,-1.831746536223432,0,0
,0.645,0.505,0.165,1.318,0.55,0.3015,0.335,11,2.505466242915849,-1.7613887727325492,1,1
,0.77,0.605,0.175,2.0505,0.8005,0.526,0.355,11,5.3471772834695175,1.7659959455064893,1,1
,0.655,0.525,0.175,1.348,0.5855,0.2605,0.394,10,2.8188558564632125,-1.7622623562362911,1,1
,0.55,0.43,0.145,0.712,0.3025,0.152,0.225,10,0.0571207312325419,-0.10757061441007,0,0
,0.415,0.315,0.09,0.3625,0.175,0.0835,0.093,6,-2.924036360079103,-0.1353943725601832,2,2
,0.525,0.425,0.145,0.7995,0.3345,0.209,0.24,15,0.3534824671564666,-1.80935425844958,0,0
,0.505,0.39,0.185,0.6125,0.267,0.142,0.172,7,-0.2437608592720359,-0.1400845141085959,0,0
,0.335,0.245,0.09,0.2015,0.096,0.0405,0.048,7,-4.050626411485841,-0.1563114289257906,2,2
,0.595,0.48,0.2,0.975,0.358,0.2035,0.34,15,1.7638294471657134,-1.8357315051499044,0,0
,0.58,0.455,0.12,0.94,0.399,0.257,0.265,11,0.92592096340339,-1.773657680398546,0,0
,0.68,0.56,0.195,1.7775,0.861,0.322,0.415,11,4.369621673245479,-1.6869658600123156,1,1
,0.625,0.47,0.145,1.7855,0.675,0.247,0.3245,13,2.467737467406367,1.7395094230654005,1,1
,0.505,0.4,0.15,0.775,0.3445,0.157,0.185,7,-0.1616738137699143,1.6252143773090668,0,0
,0.435,0.395,0.105,0.3635,0.136,0.098,0.13,9,-2.2845899992213283,-1.8783322251232268,2,2
,0.635,0.475,0.17,1.1935,0.5205,0.2695,0.3665,10,2.171215831740502,1.6592138637212557,1,1
,0.475,0.36,0.14,0.5135,0.241,0.1045,0.155,8,-1.2033480052841965,1.5948677642390197,0,0
,0.625,0.485,0.175,1.3745,0.7335,0.2715,0.332,9,2.7022490234300878,-1.7197206364668254,1,1
,0.66,0.51,0.165,1.6375,0.7685,0.3545,0.3925,14,3.564056619051881,1.7446912800223862,1,1
,0.605,0.475,0.16,1.616,0.5495,0.332,0.34,18,2.541972010048569,1.697231573630903,1,1
,0.54,0.42,0.14,0.74,0.3595,0.159,0.1985,8,0.0130892050247182,-0.0876647250561438,0,0
,0.615,0.49,0.155,0.9885,0.4145,0.195,0.345,13,1.552674337329384,-0.0786204790173199,0,0
,0.53,0.41,0.125,0.769,0.346,0.173,0.215,9,-0.1138908908266098,1.6391844825387245,0,0
,0.425,0.325,0.135,0.382,0.1465,0.079,0.14,12,-2.348121606524353,-1.8879740122749944,2,2
,0.25,0.18,0.06,0.073,0.028,0.017,0.0225,5,-5.264362087441276,-0.1545516939949971,2,2
,0.475,0.37,0.125,0.5095,0.2165,0.1125,0.165,9,-1.284229764484459,1.5971872656884056,0,0
,0.535,0.41,0.155,0.6315,0.2745,0.1415,0.1815,12,-0.2699237058678515,-0.1222259578154127,0,0
,0.6,0.475,0.175,1.3445,0.549,0.2875,0.36,11,2.322259904347632,1.6725421996289846,1,1
,0.615,0.46,0.19,1.066,0.4335,0.226,0.33,13,1.7073410970608631,-0.0982940911182603,1,1
,0.63,0.48,0.16,1.199,0.5265,0.335,0.315,11,2.2301438795956097,-1.765133361601878,1,1
,0.58,0.46,0.155,1.4395,0.6715,0.273,0.2955,10,2.076371720079186,1.7202135097278326,1,1
,0.57,0.42,0.14,0.8745,0.416,0.165,0.25,8,0.4826251155815844,1.6494632229759878,0,0
,0.57,0.445,0.155,0.733,0.282,0.159,0.235,14,0.3289785042711516,-1.8370349278264604,0,0
,0.44,0.34,0.14,0.482,0.186,0.1085,0.16,9,-1.465472200341381,-1.8533231145890756,0,0
,0.53,0.415,0.13,0.8425,0.275,0.1945,0.265,20,0.1082815673899817,1.6228814076117777,0,0
,0.585,0.46,0.165,1.058,0.486,0.25,0.294,9,1.4739587700871408,-1.786552376471428,1,0
,0.655,0.46,0.16,1.494,0.6895,0.331,0.1825,9,2.378079848062341,-1.7095087345166475,1,1
,0.555,0.45,0.175,0.738,0.304,0.1755,0.22,9,0.5190684604330504,-0.124027302851137,0,0
,0.63,0.495,0.18,1.31,0.495,0.295,0.4695,10,2.767987299071831,1.6516361515277485,1,1
,0.55,0.43,0.15,0.8745,0.413,0.1905,0.248,9,0.6270176768775372,1.6441437832654335,0,0
,0.5,0.38,0.135,0.594,0.2945,0.104,0.1565,9,-0.8955728382871749,-0.1058569028827612,0,0
,0.6,0.465,0.155,1.262,0.6245,0.2455,0.33,10,1.929280601739729,1.6973501624565337,1,1
,0.215,0.165,0.055,0.059,0.0265,0.0125,0.0185,5,-5.53225719149911,-0.1506110033010357,2,2
,0.295,0.21,0.08,0.1,0.038,0.026,0.031,8,-4.711898896290499,-0.1659748007302469,2,2
,0.535,0.41,0.12,0.6835,0.3125,0.1655,0.159,8,-0.4623412179315481,1.6299513649218624,0,0
,0.645,0.5,0.16,1.2465,0.5475,0.327,0.3,10,2.3688356866320555,-1.7601481796693597,1,1
,0.66,0.525,0.18,1.478,0.5815,0.381,0.372,10,3.3264704914371563,1.6834909529864075,1,1
,0.275,0.205,0.07,0.094,0.0335,0.02,0.0325,5,-4.93806828358044,1.5572809581940716,2,2
,0.645,0.51,0.19,1.4865,0.6445,0.296,0.425,12,3.26263190126688,1.689244024320636,1,1
,0.47,0.375,0.125,0.5225,0.2265,0.104,0.162,8,-1.273659543949905,-0.1185960109974189,0,0
,0.49,0.395,0.14,0.549,0.2215,0.1275,0.15,11,-0.9429285641638244,1.5900053923756148,0,0
,0.535,0.405,0.14,0.7315,0.336,0.156,0.19,7,-0.1687053105639312,1.6255994161252214,0,0
,0.5,0.38,0.135,0.5285,0.226,0.123,0.209,8,-0.8528515533226083,-0.1250047131060181,0,0
,0.645,0.53,0.195,1.39,0.6465,0.2945,0.3735,10,3.1578885396898504,1.6810111574225173,1,1
,0.7,0.535,0.175,1.773,0.6805,0.48,0.512,15,4.6895135639170125,-1.709241150652547,1,1
,0.545,0.43,0.15,0.7285,0.302,0.1315,0.2545,10,0.1069517428316615,-0.1112566996193698,0,0
,0.46,0.36,0.135,0.6105,0.1955,0.107,0.235,14,-1.0592794132111587,1.591172350159712,0,0
,0.515,0.405,0.12,0.646,0.2895,0.1405,0.177,10,-0.6282432032075886,-1.8142952844215128,0,0
,0.54,0.415,0.17,0.879,0.339,0.208,0.255,10,0.6634920842286821,1.617065995319079,0,0
,0.44,0.34,0.1,0.451,0.188,0.087,0.13,10,-2.411902082592691,-1.8549714563056443,2,2
,0.535,0.385,0.18,1.0835,0.4955,0.2295,0.304,8,1.3033380498231577,-0.0559514677267809,0,0
,0.58,0.465,0.145,0.887,0.4405,0.1655,0.265,11,0.8462061118151689,1.64898481512937,0,0
,0.555,0.45,0.145,0.915,0.4,0.246,0.285,11,1.0036830090030826,1.6470487704763686,0,0
,0.535,0.4,0.135,0.775,0.368,0.208,0.2055,8,0.114478162606727,-0.0763648753661852,0,0
,0.58,0.445,0.15,0.9525,0.4315,0.1945,0.287,11,1.0170448488752502,1.6500797658225734,0,0
,0.605,0.495,0.145,1.054,0.369,0.2255,0.36,12,1.579331469662135,-0.079042127235375,0,0
,0.28,0.21,0.08,0.1085,0.041,0.0265,0.0345,7,-4.7564444903886525,1.5536868648200046,2,2
,0.475,0.36,0.12,0.578,0.2825,0.12,0.17,8,-1.1513389009707158,1.6206055361639873,0,0
,0.335,0.22,0.07,0.17,0.076,0.0365,0.05,6,-4.384442661693543,-1.8671617202679107,2,2
,0.58,0.45,0.155,0.93,0.385,0.246,0.265,9,1.1413310782604935,-1.7985007674988662,0,0
,0.31,0.235,0.07,0.151,0.063,0.0405,0.045,6,-4.464734281995842,-0.1533029498385266,2,2
,0.625,0.5,0.175,1.0565,0.4615,0.258,0.305,10,1.8435841060000155,1.6336721927451154,1,1
,0.59,0.455,0.165,1.161,0.38,0.2455,0.28,12,1.5114696306506312,-1.795489512084273,0,0
,0.38,0.29,0.085,0.2285,0.088,0.0465,0.075,7,-3.647946122030553,-0.1588801219290021,2,2
,0.635,0.51,0.155,0.986,0.405,0.2255,0.31,10,1.6774853766834892,1.637050405973861,0,0
,0.71,0.565,0.195,1.7265,0.638,0.3365,0.565,17,4.533614747370042,-1.7454444942710825,1,1
,0.635,0.495,0.15,1.081,0.4825,0.242,0.31,11,1.6494662920385543,1.6538285433195454,1,1
,0.63,0.48,0.15,1.1785,0.5185,0.248,0.3235,8,1.7784163207606978,1.6687738442615256,1,1
,0.57,0.45,0.135,0.7805,0.3345,0.185,0.21,8,0.3304901798421165,-1.8087919538147497,0,0
,0.535,0.43,0.155,0.7845,0.3285,0.169,0.245,10,0.3046806665702153,1.6156071183429883,0,0
,0.71,0.555,0.195,1.9485,0.9455,0.3765,0.495,12,5.14222662086411,1.7797768992547915,1,1
,0.59,0.405,0.15,0.853,0.326,0.2615,0.245,9,0.7380244208508364,1.6271515879999474,0,0
,0.43,0.335,0.115,0.406,0.166,0.0935,0.135,8,-2.408723465611365,1.565892816047609,2,2
,0.43,0.315,0.095,0.378,0.175,0.08,0.1045,8,-2.795359583390308,-0.1383878484772565,2,2
,0.525,0.44,0.125,0.7115,0.3205,0.159,0.1915,7,-0.1848010682027217,-1.8087826189214165,0,0
,0.515,0.4,0.135,0.6965,0.32,0.1255,0.175,9,-0.4974493161304918,-0.0957522655661473,0,0
,0.505,0.385,0.115,0.616,0.243,0.1075,0.21,11,-0.9243431918127488,-1.8244501195364335,0,0
,0.595,0.455,0.15,1.044,0.518,0.2205,0.27,9,1.388725558991655,1.6758897119373308,0,0
,0.595,0.465,0.15,0.98,0.4115,0.196,0.2255,10,1.0020183506899505,-1.7909471437852758,0,0
,0.505,0.38,0.13,0.656,0.227,0.1785,0.22,13,-0.5530633003045221,1.6054302954474755,0,0
,0.435,0.35,0.105,0.4195,0.194,0.1005,0.13,7,-2.309448801491135,-1.857834347081764,2,2
,0.405,0.31,0.09,0.312,0.138,0.06,0.087,8,-3.191538704555916,-0.1474104851233169,2,2
,0.51,0.41,0.145,0.796,0.3865,0.1815,0.1955,8,0.0659222974349408,1.6397490394251246,0,0
,0.44,0.34,0.1,0.407,0.209,0.0735,0.103,7,-2.556549959475184,-0.1344075071285023,2,2
,0.47,0.355,0.1,0.4755,0.1675,0.0805,0.185,10,-2.129635285689587,-1.861835479122831,2,2
,0.525,0.385,0.1,0.5115,0.246,0.1005,0.1455,8,-1.3191826022958164,1.6160409711536097,0,0
,0.635,0.505,0.155,1.2895,0.594,0.314,0.345,11,2.5127839202078577,-1.7452374340208625,1,1
,0.565,0.435,0.145,0.8445,0.3975,0.158,0.255,9,0.519809914022823,-0.0790385664962358,0,0
,0.25,0.19,0.065,0.0835,0.039,0.015,0.025,5,-5.150344760429716,-0.1552975260790986,2,2
,0.505,0.38,0.135,0.5385,0.2645,0.095,0.165,9,-0.9878841008729986,-0.1165496041784482,0,0
,0.535,0.43,0.14,0.7165,0.2855,0.1595,0.2155,8,-0.0827780489650077,1.6105725412628025,0,0
,0.66,0.565,0.195,1.7605,0.692,0.3265,0.5,16,4.265135049705225,-1.7291703698273544,1,1
,0.62,0.505,0.185,1.5275,0.69,0.368,0.35,13,3.277812740177974,1.71142443852589,1,1
,0.62,0.47,0.155,0.966,0.447,0.171,0.284,11,1.2627499396001156,-0.0711386854536491,0,0
,0.53,0.43,0.17,0.775,0.35,0.152,0.235,17,0.3957976792444301,-1.825470026407586,0,0
,0.63,0.49,0.17,1.2155,0.4625,0.2045,0.3105,10,1.765663914962175,-1.794319399182037,1,1
,0.655,0.515,0.18,1.412,0.6195,0.2485,0.497,11,3.189541246596693,-1.754943828844464,1,1
,0.64,0.505,0.19,1.2765,0.4835,0.328,0.4,12,2.8400733911565097,-1.7932449879200287,1,1
,0.62,0.51,0.175,1.2705,0.5415,0.323,0.3225,9,2.517362960296826,-1.769885143580772,1,1
,0.52,0.4,0.11,0.597,0.2935,0.1155,0.16,8,-0.9133880436544636,-0.0927061918919931,0,0
,0.66,0.52,0.2,1.676,0.673,0.4805,0.45,17,4.441039439615697,-1.7274107090785142,1,1
,0.52,0.42,0.16,0.745,0.255,0.157,0.2885,11,0.1723156304725448,1.593021613203054,0,0
,0.53,0.4,0.165,0.772,0.2855,0.1975,0.23,12,0.2621783019384765,-1.83308997559424,0,0
,0.36,0.28,0.105,0.199,0.0695,0.045,0.08,9,-3.6293209819110057,-0.1753590614168453,2,2
,0.535,0.42,0.15,0.6995,0.2575,0.153,0.24,12,-0.0534484734555818,1.5972133729709586,0,0
,0.625,0.495,0.175,1.2075,0.531,0.281,0.3525,11,2.2966034401597644,1.6589855793129846,1,1
,0.595,0.475,0.165,1.213,0.621,0.2435,0.274,9,1.825870187254956,1.6880640574012389,1,1
,0.51,0.395,0.105,0.5525,0.234,0.127,0.165,8,-1.100180406973324,-0.1049536095829541,0,0
,0.575,0.48,0.17,1.1,0.506,0.2485,0.31,10,1.6786092690241257,-1.7842398709287337,1,1
,0.26,0.215,0.08,0.099,0.037,0.0255,0.045,5,-4.774604904238334,-0.1658171578980105,2,2
,0.585,0.455,0.14,0.97,0.462,0.185,0.295,9,1.044417819023164,1.66261791995204,0,0
,0.65,0.51,0.175,1.446,0.6485,0.2705,0.45,12,3.0980559198745268,1.6952216669751723,1,1
,0.38,0.3,0.09,0.277,0.1655,0.0625,0.082,6,-3.303091545012395,-0.1406760816197008,2,2
,0.665,0.515,0.165,1.3855,0.621,0.302,0.3445,8,2.7927032068934,1.6937574105459443,1,1
,0.5,0.4,0.145,0.6025,0.216,0.138,0.21,11,-0.5973460871109462,1.5875554898138775,0,0
,0.66,0.515,0.2,1.6465,0.749,0.422,0.401,11,4.140079416557287,1.723214585549249,1,1
,0.44,0.33,0.11,0.38,0.197,0.079,0.09,7,-2.570726306830588,-0.1432504522629658,2,2
,0.515,0.35,0.155,0.9225,0.4185,0.198,0.273,9,0.3721582152866958,1.652462914936664,0,0
,0.62,0.5,0.2,1.221,0.4605,0.263,0.43,12,2.563239821197259,1.6255925328998384,1,1
,0.615,0.49,0.17,1.145,0.4915,0.208,0.343,13,1.778013305366556,1.6458322581924478,1,1
,0.4,0.305,0.13,0.2935,0.096,0.0675,0.105,9,-2.904430968342695,1.536752519661581,2,2
,0.645,0.51,0.2,1.5675,0.621,0.367,0.46,12,3.77506238043044,-1.750825824481656,1,1
,0.725,0.57,0.205,1.6195,0.744,0.315,0.488,11,4.493654744012038,-1.7321009326889074,1,1
,0.455,0.35,0.105,0.401,0.1575,0.083,0.135,9,-2.4084775680913784,1.566943950154336,2,2
,0.385,0.3,0.09,0.308,0.1525,0.056,0.0835,8,-3.3029495901340744,-0.1428963111146387,2,2
,0.475,0.365,0.105,0.4175,0.1645,0.099,0.127,7,-2.1982685977109835,-0.1494236127898178,2,2
,0.675,0.55,0.175,1.689,0.694,0.371,0.474,13,4.109357693189596,-1.7165571963543929,1,1
,0.61,0.47,0.155,1.0325,0.497,0.2175,0.2785,9,1.5119364629563552,1.665373710240466,0,0
,0.5,0.38,0.155,0.5955,0.2135,0.161,0.2,12,-0.5458053948157323,1.5837872986761892,0,0
,0.22,0.165,0.055,0.0545,0.0215,0.012,0.02,5,-5.525536916099197,-0.1522301158461341,2,2
,0.675,0.57,0.225,1.587,0.739,0.2995,0.435,10,4.254557125262168,-1.7455909421435445,1,1
,0.63,0.485,0.185,1.167,0.548,0.2485,0.34,10,2.237808620508907,-1.782089458850462,1,1
,0.58,0.465,0.16,1.0345,0.315,0.26,0.3635,12,1.5088643033927018,1.6213365612202508,0,0
,0.335,0.25,0.09,0.181,0.0755,0.0415,0.06,7,-4.063857488158529,1.55536764811967,2,2
,0.53,0.425,0.13,0.7455,0.2995,0.1355,0.245,10,-0.1627293714782232,1.6200695592490548,0,0
,0.47,0.375,0.105,0.468,0.1665,0.108,0.17,10,-1.970961133243088,-0.1471089359062296,2,2
,0.325,0.26,0.09,0.1915,0.085,0.036,0.062,7,-4.009309896246423,-1.8788813174101169,2,2
,0.275,0.195,0.07,0.0875,0.0345,0.022,0.0255,4,-4.977838407735881,-0.1598824871053566,2,2
,0.595,0.475,0.14,1.0305,0.4925,0.217,0.278,10,1.335517153269234,1.6730824090050025,0,0
,0.595,0.43,0.165,0.9845,0.4525,0.207,0.2725,8,1.2260602765954085,-0.0686120974664884,0,0
,0.68,0.56,0.195,1.664,0.58,0.3855,0.545,11,4.376509567290879,-1.7580524111986109,1,1
,0.58,0.435,0.155,0.8785,0.425,0.1685,0.2425,10,0.7581651458595537,-1.7944495627640604,0,0
,0.38,0.3,0.09,0.3215,0.1545,0.075,0.095,9,-3.1840359452536022,-1.858703701388496,2,2
,0.525,0.405,0.135,0.7575,0.3305,0.216,0.195,10,7.189073887859331e-05,1.6322925914553754,0,0
,0.47,0.37,0.11,0.5555,0.25,0.115,0.163,8,-1.313763086055781,-0.1013987121878665,0,0
,0.53,0.4,0.145,0.555,0.1935,0.1305,0.195,9,-0.6285305611131068,-0.1394283928476888,0,0
,0.41,0.335,0.105,0.3305,0.1405,0.064,0.105,7,-2.851873939082979,-0.1569164309210494,2,2
,0.455,0.355,0.125,0.5325,0.225,0.126,0.1465,7,-1.365204414166332,-0.1149495807950584,0,0
,0.45,0.34,0.12,0.4925,0.241,0.1075,0.12,6,-2.0416758559262287,-0.1328593478201555,2,2
,0.415,0.325,0.1,0.4665,0.2285,0.1065,0.114,7,-2.4652567252554185,-0.1230457298692072,2,2
,0.67,0.505,0.205,1.3645,0.6075,0.3025,0.353,9,3.143145927394915,-1.7697888364445655,1,1
,0.59,0.5,0.15,1.142,0.485,0.265,0.345,9,1.758156406535433,1.6592674142884023,1,1
,0.4,0.305,0.1,0.3415,0.176,0.0625,0.0865,7,-3.039607858051095,-0.1420124322272865,2,2
,0.59,0.5,0.165,1.1045,0.4565,0.2425,0.34,15,1.7110259049460357,1.640402883623457,1,1
,0.655,0.59,0.2,1.5455,0.654,0.3765,0.415,11,4.049299915074696,1.686618030125795,1,1
,0.65,0.495,0.155,1.337,0.615,0.3195,0.335,9,2.5918284700193186,-1.737082866596449,1,1
,0.24,0.175,0.055,0.0705,0.025,0.014,0.021,5,-5.3861922416340615,-0.151903759939167,2,2
,0.675,0.565,0.195,1.8375,0.7645,0.3615,0.553,12,4.7929293142995935,-1.7068501578077848,1,1
,0.58,0.475,0.135,0.925,0.391,0.165,0.275,14,0.8046290383260675,-1.792404202390986,0,0
,0.57,0.405,0.16,0.9245,0.3445,0.2185,0.295,19,0.8378582433087307,1.6266125147656192,0,0
,0.44,0.355,0.165,0.435,0.159,0.105,0.14,16,-1.3587020585045937,-0.1600158730976363,0,0
,0.455,0.355,0.105,0.372,0.138,0.0765,0.135,9,-2.4533284468733707,-0.1580505276732649,2,2
,0.545,0.41,0.14,0.737,0.349,0.15,0.212,9,-0.0447133660544496,1.627720241027702,0,0
,0.515,0.385,0.125,0.572,0.237,0.1435,0.165,7,-0.8646720044844264,-0.1134921274946938,0,0
,0.275,0.205,0.075,0.1105,0.045,0.0285,0.035,6,-4.802761796325697,-0.1597198737006426,2,2
,0.265,0.2,0.065,0.0975,0.04,0.0205,0.028,7,-5.0155700919500825,-0.1553374843629358,2,2
,0.445,0.35,0.14,0.5905,0.2025,0.158,0.19,14,-1.053540792963502,1.593727299323976,0,0
,0.585,0.455,0.155,1.133,0.5515,0.223,0.305,12,1.6442111662015504,1.6853632453920049,0,1
,0.37,0.275,0.095,0.257,0.1015,0.055,0.0825,6,-3.55408773280454,-0.1582391557380384,2,2
,0.58,0.46,0.16,1.063,0.513,0.2705,0.2625,9,1.616210480063231,1.67277064102298,0,0
,0.585,0.45,0.16,0.9045,0.405,0.2215,0.2335,8,1.0363041722075903,-1.7991068646733914,0,0
,0.4,0.31,0.115,0.314,0.1545,0.0595,0.087,6,-2.957523064250681,-0.1580009393062528,2,2
,0.6,0.475,0.16,1.164,0.5045,0.2635,0.335,12,1.797000000673368,1.6608584457213176,1,1
,0.48,0.365,0.135,0.6395,0.2945,0.113,0.175,8,-0.8828704114532088,-1.819643103448376,0,0
,0.665,0.525,0.165,1.338,0.5515,0.3575,0.35,18,2.888907727783589,1.6771040288429924,1,1
,0.64,0.505,0.165,1.2235,0.5215,0.2695,0.36,10,2.311884654918719,-1.7748361392338812,1,1
,0.6,0.445,0.175,1.057,0.383,0.216,0.355,16,1.6002881531464028,-0.0896066114079764,0,0
,0.65,0.51,0.16,1.3835,0.6385,0.2905,0.3665,9,2.727581362848867,1.7007830844049292,1,1
,0.255,0.185,0.06,0.0925,0.039,0.021,0.025,6,-5.168589535511448,-0.1512938209674197,2,2
,0.55,0.415,0.175,1.042,0.3295,0.2325,0.2905,15,1.054382440215578,1.6203766865925198,0,0
,0.42,0.345,0.115,0.3435,0.1515,0.0795,0.115,9,-2.571417011162543,-0.1598323991480449,2,2
,0.555,0.44,0.135,0.9025,0.3805,0.2105,0.28,13,0.6832277926615226,1.6463874042322268,0,0
,0.55,0.44,0.135,0.8435,0.434,0.1995,0.185,8,0.4345663587049528,-1.779153741085976,0,0
,0.255,0.18,0.065,0.079,0.034,0.014,0.025,5,-5.208971054882441,1.5619703395166522,2,2
,0.575,0.46,0.15,0.927,0.333,0.207,0.2985,9,0.9781741076874656,-1.8116261836143288,0,0
,0.605,0.47,0.18,1.1155,0.479,0.2565,0.321,10,1.817809246444429,1.6405129519251085,1,1
,0.19,0.13,0.045,0.0265,0.009,0.005,0.009,5,-5.964127244543582,-0.1472728893656718,2,2
,0.55,0.435,0.14,0.7625,0.327,0.1685,0.259,10,0.2607370928195557,1.6220494364274871,0,0
,0.665,0.5,0.15,1.2475,0.4625,0.2955,0.3595,10,2.2517373363721056,-1.7778768989150922,1,1
,0.66,0.505,0.19,1.4385,0.6775,0.285,0.178,11,2.560075564200305,1.6968935732198434,1,1
,0.2,0.155,0.04,0.0435,0.0155,0.009,0.007,4,-5.836319727545125,-0.1439745388604747,2,2
,0.56,0.435,0.185,1.106,0.422,0.2435,0.33,15,1.4679862577184035,-1.8096273369625064,1,0
,0.39,0.3,0.09,0.3055,0.143,0.0645,0.085,9,-3.287481230372676,1.5731227173812667,2,2
,0.53,0.415,0.16,0.783,0.2935,0.158,0.245,15,0.2012864932957825,-1.8313946233186436,0,0
,0.635,0.5,0.19,1.29,0.593,0.3045,0.352,8,2.7861095252627317,-1.7664154376165866,1,1
,0.23,0.17,0.05,0.057,0.026,0.013,0.016,5,-5.512810895355307,-0.1486552267886328,2,2
,0.695,0.55,0.215,1.9565,0.7125,0.541,0.59,14,5.714037988334253,1.7215294824763752,1,1
,0.39,0.29,0.1,0.2225,0.095,0.0465,0.073,7,-3.4792105845615104,-0.1666239526924985,2,2
,0.63,0.495,0.165,1.3075,0.599,0.284,0.315,11,2.370492484953721,-1.749604649105154,1,1
,0.585,0.46,0.15,1.206,0.581,0.216,0.323,10,1.5591718446494904,1.6862564698151263,1,1
,0.615,0.46,0.17,1.0565,0.4815,0.272,0.27,10,1.58695144497684,1.6462041052928122,1,0
,0.405,0.3,0.085,0.3035,0.15,0.0505,0.088,7,-3.294710211014728,-0.1417219818439361,2,2
,0.695,0.55,0.155,1.8495,0.767,0.442,0.4175,10,4.36518803946578,-1.6751141560681448,1,1
,0.53,0.43,0.15,0.741,0.325,0.1855,0.196,9,0.1558783598273464,-1.8188912844901184,0,0
,0.38,0.29,0.105,0.257,0.099,0.051,0.085,10,-3.363643132777581,-1.8846283028979156,2,2
,0.58,0.455,0.155,0.8365,0.315,0.1385,0.32,18,0.7202259325583205,-1.827332951669764,0,0
,0.405,0.31,0.11,0.91,0.416,0.2075,0.0995,8,-1.0279592154205983,-0.0313107697142948,0,0
,0.28,0.215,0.07,0.124,0.063,0.0215,0.03,6,-4.785198986176475,-0.1530722550153191,2,2
,0.255,0.19,0.075,0.0865,0.0345,0.0205,0.025,5,-5.030055663536405,-0.1619830856911945,2,2
,0.53,0.405,0.15,0.889,0.4055,0.2275,0.215,8,0.5314894584099521,-1.7880057672959115,0,0
,0.455,0.335,0.105,0.422,0.229,0.0865,0.1,6,-2.393993126488393,-0.1310368295407633,2,2
,0.39,0.295,0.095,0.203,0.0875,0.045,0.075,7,-3.5325636251623247,-0.1669255533954614,2,2
,0.59,0.455,0.145,1.073,0.475,0.19,0.285,14,1.2054469933635057,1.6679835292662886,0,0
,0.6,0.45,0.15,0.8665,0.3695,0.1955,0.255,12,0.8332893784834277,1.6303655777713009,0,0
,0.595,0.45,0.14,0.838,0.3965,0.194,0.217,10,0.6372689711092876,1.6419293770383925,0,0
,0.205,0.15,0.055,0.042,0.0255,0.015,0.012,5,-5.653803617925545,-0.1499434544929702,2,2
,0.62,0.52,0.225,1.1835,0.378,0.27,0.395,23,2.648023487668034,-1.8479915279516428,1,1
,0.575,0.47,0.15,0.9785,0.4505,0.196,0.276,9,1.1330271942065049,1.6542642519496866,0,0
,0.525,0.415,0.12,0.596,0.2805,0.12,0.1695,9,-0.7262175700086777,-0.1030114703962846,0,0
,0.54,0.415,0.145,0.74,0.2635,0.168,0.245,12,0.0131378277773366,1.604658540299886,0,0
,0.385,0.295,0.095,0.335,0.147,0.094,0.09,7,-3.125859437970849,1.5747983737574136,2,2
,0.395,0.32,0.1,0.3075,0.149,0.0535,0.09,8,-3.095013651608432,-0.1518123503565141,2,2
,0.47,0.355,0.18,0.48,0.2055,0.105,0.1505,8,-0.9718430961848206,-0.1564786319061875,0,0
,0.545,0.42,0.13,0.879,0.374,0.1695,0.23,13,0.1960558263918279,1.6466428255927326,0,0
,0.355,0.27,0.075,0.1775,0.079,0.0315,0.054,6,-4.078958630362912,-0.1558995287757164,2,2
,0.59,0.47,0.18,1.1235,0.4205,0.2805,0.36,13,1.86884136334076,1.6281815629878935,1,1
,0.775,0.57,0.22,2.032,0.735,0.4755,0.6585,17,6.173623751382528,1.71901445885495,1,1
,0.435,0.325,0.115,0.3915,0.154,0.094,0.12,7,-2.4722120257915066,-1.8730480201247817,2,2
,0.6,0.455,0.155,0.945,0.4365,0.2085,0.25,8,1.118286404602204,1.64781065552048,0,0
,0.505,0.355,0.125,0.601,0.25,0.1205,0.185,8,-1.00162760257578,-0.107834951896602,0,0
,0.475,0.38,0.135,0.486,0.1735,0.07,0.185,7,-1.314392454844299,-1.8600191103361532,0,0
,0.355,0.275,0.09,0.251,0.097,0.053,0.08,7,-3.677171256378591,-0.1563068976351143,2,2
,0.57,0.44,0.12,0.803,0.382,0.1525,0.234,9,0.210337223053917,-1.7887235378234403,0,0
,0.5,0.385,0.145,0.7615,0.246,0.195,0.204,14,-0.2789378279614218,1.6070911535388837,0,0
,0.455,0.35,0.14,0.5185,0.221,0.1265,0.135,10,-1.2852448939597545,-1.8430065930120672,0,0
,0.545,0.385,0.15,1.1185,0.5425,0.2445,0.2845,9,1.2025805880528966,-1.7424201268258894,0,0
,0.7,0.575,0.205,1.7975,0.7295,0.3935,0.5165,13,4.923815689157472,-1.7223980814693889,1,1
,0.53,0.41,0.14,0.7545,0.3495,0.1715,0.2105,8,-0.005379174432663,1.630418451909775,0,0
,0.56,0.425,0.14,0.9175,0.4005,0.1975,0.26,10,0.6438250485512331,-0.0686080494796836,0,0
,0.645,0.5,0.155,1.2205,0.6145,0.236,0.3185,10,2.1417207804098326,-1.747832339029522,1,1
,0.56,0.44,0.155,0.9705,0.4315,0.263,0.255,9,1.183500527546399,-1.7827865832235603,0,0
,0.69,0.53,0.19,1.5955,0.678,0.331,0.48,10,3.937578058952142,1.7011295724160365,1,1
,0.475,0.355,0.125,0.4625,0.186,0.107,0.145,9,-1.5183873347365953,1.58864882604102,0,0
,0.435,0.375,0.11,0.4155,0.17,0.076,0.145,8,-2.273476284545264,-0.1523413373045596,2,2
,0.61,0.48,0.165,1.2435,0.5575,0.2675,0.372,8,2.1795726434363343,1.673678720570603,1,1
,0.57,0.435,0.145,0.9055,0.3925,0.2355,0.275,10,0.9039716550891224,1.645025230141271,0,0
,0.475,0.375,0.14,0.501,0.192,0.1175,0.175,13,-1.0988532002467624,-1.85443508096192,0,0
,0.56,0.445,0.155,1.224,0.5565,0.3225,0.2695,10,1.7011418794642903,-1.7490924896772484,1,1
,0.5,0.4,0.125,0.5975,0.27,0.1275,0.166,9,-0.8469669016689654,1.6120813578541524,0,0
,0.545,0.43,0.14,0.772,0.289,0.19,0.2615,8,0.266959091083631,-0.1029899533641863,0,0
,0.515,0.415,0.135,0.7125,0.285,0.152,0.245,10,-0.1859681007173683,-0.1038414062250312,0,0
,0.55,0.425,0.125,0.964,0.5475,0.159,0.215,8,0.5272223748989593,-1.7415176516370778,0,0
,0.6,0.45,0.14,0.869,0.3425,0.195,0.291,11,0.8359666080284972,-1.806740918549016,0,0
,0.625,0.52,0.175,1.4105,0.691,0.322,0.3465,10,2.992072754153151,1.707934982228012,1,1
,0.16,0.11,0.025,0.018,0.0065,0.0055,0.005,3,-6.347294497164929,-0.1338775186643289,2,2
,0.365,0.265,0.135,0.2215,0.105,0.047,0.0605,7,-3.374337754008617,-0.1820562149646234,2,2
,0.37,0.275,0.085,0.2045,0.096,0.056,0.08,6,-3.700312841945779,-0.1560717329276922,2,2
,0.14,0.105,0.035,0.014,0.0055,0.0025,0.004,3,-6.366494512984123,-0.1394078518853595,2,2
,0.555,0.44,0.145,0.85,0.4165,0.1685,0.23,8,0.493863766462594,1.644707872432292,0,0
,0.61,0.46,0.155,0.957,0.4255,0.1975,0.265,8,1.20190304734318,-1.7919859279831245,0,0
,0.39,0.3,0.1,0.265,0.1075,0.06,0.0865,13,-3.273195520570946,-1.8798057392860257,2,2
,0.57,0.43,0.12,1.0615,0.348,0.167,0.31,15,0.5619417352245069,1.6524321309201837,0,0
,0.435,0.325,0.1,0.342,0.1335,0.0835,0.105,6,-2.783465701608559,-0.153868628445054,2,2
,0.59,0.45,0.12,0.7485,0.3345,0.1315,0.22,14,0.0348347674671544,1.6308599750126775,0,0
,0.45,0.35,0.11,0.514,0.253,0.1045,0.14,8,-2.002769006588647,-0.1242046342501554,2,2
,0.635,0.51,0.17,1.2235,0.532,0.271,0.354,9,2.3669085695567933,-1.77535453118139,1,1
,0.525,0.43,0.125,0.813,0.3315,0.166,0.1775,12,-0.1353624174465471,-1.7998981154888978,0,0
,0.58,0.46,0.135,0.926,0.4025,0.208,0.275,8,0.9224968532468332,-1.7857944706926674,0,0
,0.295,0.215,0.075,0.116,0.037,0.0295,0.04,8,-4.6851074046014975,-0.162783108480861,2,2
,0.675,0.55,0.18,1.6885,0.562,0.3705,0.6,15,4.276833135252782,-1.7528943961251913,1,1
,0.67,0.5,0.2,1.269,0.576,0.2985,0.351,11,2.884763541093804,1.657356537701463,1,1
,0.44,0.34,0.12,0.438,0.2115,0.083,0.12,9,-2.264826624209684,-0.1437764031699021,2,2
,0.375,0.26,0.08,0.2075,0.09,0.0415,0.07,6,-3.879866287560213,-0.1541196029795073,2,2
,0.625,0.495,0.165,1.262,0.507,0.318,0.39,10,2.490738622325668,-1.772687847432567,1,1
,0.645,0.525,0.2,1.449,0.601,0.2565,0.505,13,3.424273951985166,-1.7696176789694906,1,1
,0.43,0.325,0.11,0.3675,0.1355,0.0935,0.12,13,-2.6068216243668143,-0.1575027908478006,2,2
,0.48,0.37,0.135,0.6315,0.3445,0.1015,0.161,7,-0.8975479223046614,1.6273373760067322,0,0
,0.51,0.395,0.13,0.6025,0.281,0.143,0.162,7,-0.7017845962019857,-0.1049936354022871,0,0
,0.55,0.415,0.135,0.7635,0.318,0.21,0.2,9,0.1372188653747774,-1.8085924692790825,0,0
,0.495,0.375,0.155,0.976,0.45,0.2285,0.2475,9,0.5476307234570722,1.6633169386916151,0,0
,0.465,0.355,0.12,0.5315,0.2725,0.097,0.1395,8,-1.435624821592134,1.6156128162041132,0,0
,0.535,0.4,0.13,0.657,0.2835,0.162,0.175,7,-0.4383103744446345,-0.1019287528199053,0,0
,0.46,0.33,0.15,0.5325,0.2085,0.1805,0.125,10,-1.1029482895377998,-1.8464902605193905,0,0
,0.62,0.505,0.16,1.3725,0.6285,0.275,0.3685,11,2.5621937470352822,-1.7380162928905794,1,1
,0.235,0.16,0.04,0.048,0.0185,0.018,0.015,5,-5.631186351708385,-0.1440139740410046,2,2
,0.64,0.525,0.18,1.3135,0.4865,0.2995,0.4075,10,2.751360306917968,1.647965529976712,1,1
,0.68,0.54,0.19,1.623,0.7165,0.354,0.4715,12,4.097326319347816,1.7127219757567629,1,1
,0.45,0.355,0.11,0.4585,0.194,0.067,0.14,8,-2.27300066018096,-0.1437888163053019,2,2
,0.405,0.3,0.12,0.324,0.1265,0.07,0.11,7,-2.874517411680852,-0.1662267376510447,2,2
,0.52,0.4,0.125,0.6865,0.295,0.1715,0.185,9,-0.406451174485308,-1.8119678771887493,0,0
,0.185,0.375,0.12,0.4645,0.196,0.1045,0.15,6,-2.8288173866019632,-0.1406172975183609,2,2
,0.46,0.36,0.125,0.547,0.2165,0.1105,0.19,8,-1.280310616642909,1.599837887898622,0,0
,0.52,0.425,0.145,0.7,0.207,0.1905,0.24,13,-0.0448011924459252,-1.8459478741611164,0,0
,0.505,0.385,0.12,0.6005,0.239,0.142,0.185,7,-0.8633336310657602,-0.1086960963840967,0,0
,0.52,0.395,0.125,0.8115,0.4035,0.166,0.2,7,-0.1395088429180338,1.6563874572299302,0,0
,0.585,0.475,0.15,1.065,0.5315,0.199,0.2885,10,1.4533222091677984,1.6773638462887952,0,0
,0.73,0.58,0.19,1.7375,0.6785,0.4345,0.52,11,4.932305952436687,-1.7276115851964022,1,1
,0.61,0.49,0.15,1.103,0.425,0.2025,0.36,23,1.659500267905178,1.650879994879621,0,1
,0.56,0.425,0.145,0.688,0.3095,0.1305,0.2165,9,-0.0406405686352368,-0.108105476076932,0,0
,0.655,0.515,0.155,1.309,0.524,0.346,0.385,11,2.745527810898829,-1.76117401151604,1,1
,0.475,0.375,0.125,0.5785,0.2775,0.085,0.155,10,-1.1898288183456152,-1.822870237382676,0,0
,0.575,0.455,0.165,0.867,0.3765,0.1805,0.268,8,0.8969705790525212,1.6225031052051946,0,0
,0.505,0.395,0.105,0.551,0.248,0.103,0.171,8,-1.1642847689976197,-0.1029842666755402,0,0
,0.415,0.33,0.1,0.3905,0.1925,0.0755,0.1025,7,-2.720576953899238,-0.137526109041544,2,2
,0.49,0.37,0.105,0.5265,0.249,0.1005,0.148,7,-1.3947861896847666,-1.8194548910679689,0,0
,0.575,0.42,0.19,1.764,0.914,0.377,0.4095,10,3.660962057403653,-1.6541004384596376,1,1
,0.47,0.365,0.105,0.4205,0.163,0.1035,0.14,9,-2.1435157811361822,-1.8674621732969452,2,2
,0.69,0.54,0.155,1.454,0.624,0.3105,0.39,9,3.153626922406114,-1.7352444901924375,1,1
,0.61,0.49,0.17,1.1775,0.5655,0.2385,0.295,15,1.9313402577428256,-1.7683986823675226,1,1
,0.575,0.46,0.19,0.994,0.392,0.2425,0.34,13,1.5433012313831802,-1.8278243754058412,1,0
,0.54,0.415,0.175,0.8975,0.275,0.241,0.275,14,0.8231174137326969,-1.834947457668056,0,0
,0.375,0.28,0.08,0.2165,0.0935,0.0925,0.07,7,-3.5958936027833874,-0.1514074654687236,2,2
,0.625,0.515,0.17,1.331,0.5725,0.3005,0.361,9,2.6096599406416345,1.6773577711001593,1,1
,0.605,0.47,0.155,0.974,0.393,0.224,0.3345,9,1.479640664624723,-1.798866445600737,0,0
,0.275,0.195,0.065,0.106,0.054,0.02,0.028,6,-4.971630780213542,-0.1514617217448621,2,2
,0.2,0.145,0.06,0.037,0.0125,0.0095,0.011,4,-5.697862638367961,-0.1560590977609466,2,2
,0.585,0.45,0.125,0.874,0.3545,0.2075,0.225,6,0.5336573183251855,-1.79282100150225,0,0
,0.645,0.51,0.155,1.129,0.5015,0.24,0.342,10,1.9849952501006607,-1.7803920753659417,1,1
,0.615,0.47,0.165,1.128,0.4465,0.2195,0.34,10,1.5896137657326368,1.6394099806969709,1,1
,0.44,0.345,0.105,0.4285,0.165,0.083,0.132,11,-2.416266705593457,-1.8652402943592696,2,2
,0.72,0.55,0.2,1.9965,0.9035,0.469,0.5215,10,5.617322010936572,-1.661906576581898,1,1
,0.6,0.46,0.155,0.6655,0.285,0.149,0.269,11,0.4668053114718975,1.5936068565205126,0,0
,0.46,0.375,0.13,0.5735,0.2505,0.119,0.195,9,-1.0449869991569305,1.6056249609940143,0,0
,0.6,0.48,0.165,0.9165,0.4135,0.1965,0.2725,9,1.2652692190027544,1.631987037148566,0,0
,0.505,0.44,0.14,0.8275,0.3415,0.1855,0.239,8,0.2138815693187121,1.6308164020671387,0,0
,0.565,0.425,0.16,0.9425,0.3495,0.2185,0.275,17,0.8698503066475457,1.6274332378610548,0,0
,0.61,0.485,0.145,1.3305,0.783,0.2255,0.2865,9,2.101202044473462,1.7423009500453028,1,1
,0.63,0.49,0.225,1.336,0.6805,0.259,0.3245,10,2.987529513504672,-1.7652138341326402,1,1
,0.545,0.43,0.14,0.832,0.4355,0.17,0.201,9,0.3511850959444689,-1.7832797628725745,0,0
,0.64,0.51,0.165,1.486,0.7595,0.332,0.321,8,3.0993635427065,-1.7009031087606592,1,1
,0.55,0.405,0.15,0.9235,0.412,0.2135,0.24,7,0.6249477154010278,1.6497143004817618,0,0
,0.625,0.49,0.19,1.7015,0.7465,0.4105,0.3855,11,3.8199588250503114,-1.7025121273608652,1,1
,0.605,0.47,0.165,1.1775,0.611,0.2275,0.292,9,1.8203020843826103,-1.7532834990261918,1,1
,0.655,0.525,0.19,1.3595,0.564,0.3215,0.3985,10,3.160126339967084,-1.7722066387094673,1,1
,0.37,0.28,0.1,0.221,0.1165,0.0265,0.0635,6,-3.652065711723633,-0.1611860640472485,2,2
,0.625,0.5,0.15,0.953,0.3445,0.2235,0.305,15,1.4353829090028416,-1.81137700251942,0,0
,0.285,0.21,0.075,0.1185,0.055,0.0285,0.04,7,-4.726908500470871,1.5604290904892877,2,2
,0.58,0.46,0.175,1.165,0.65,0.2205,0.3055,9,1.8553312884440547,-1.7493744149476882,1,1
,0.665,0.505,0.16,1.2915,0.631,0.2925,0.32,11,2.5763850181176693,-1.741038628392178,1,1
,0.295,0.215,0.075,0.129,0.05,0.0295,0.04,7,-4.668717540009921,1.5590819050211009,2,2
,0.59,0.45,0.16,0.9,0.358,0.156,0.315,19,0.9587735670534008,-1.815637758278116,0,0
,0.625,0.515,0.165,1.217,0.667,0.2065,0.3115,10,2.151017535268564,1.6926817463918933,1,1
,0.41,0.305,0.1,0.363,0.1735,0.065,0.11,11,-2.89711523015221,-1.8600831513367135,2,2
,0.69,0.525,0.175,1.7005,0.8255,0.362,0.405,8,4.035873485989636,1.7538096436495918,1,1
,0.595,0.455,0.145,0.942,0.43,0.182,0.277,11,0.9787246626263438,1.6502885721752376,0,0
,0.5,0.385,0.15,0.6265,0.2605,0.1665,0.16,10,-0.535856821594045,-0.1181288981721328,0,0
,0.595,0.46,0.16,0.921,0.4005,0.2025,0.2875,9,1.2030418204270916,-1.802221506576128,0,0
,0.625,0.47,0.17,1.255,0.525,0.2415,0.405,10,2.220217944580329,-1.774337055080471,1,1
,0.66,0.51,0.18,1.261,0.5,0.2335,0.339,10,2.297565543476056,1.6461401913771692,1,1
,0.51,0.405,0.125,0.6795,0.3465,0.1395,0.182,8,-0.4774183899236736,-0.0837191799502194,0,0
,0.635,0.495,0.015,1.1565,0.5115,0.308,0.2885,9,0.9878566989489094,-1.6759548678004532,0,0
,0.315,0.245,0.085,0.1435,0.053,0.0475,0.05,8,-4.257722016838467,-0.1655516782977147,2,2
,0.37,0.275,0.085,0.2405,0.104,0.0535,0.07,5,-3.67566175682218,-1.8705524047793705,2,2
,0.33,0.245,0.085,0.171,0.0655,0.0365,0.055,11,-4.205013382986953,1.5557326829633538,2,2
,0.605,0.48,0.155,0.9995,0.425,0.1985,0.3,10,1.3887908288410926,-0.0737613057424817,0,0
,0.4,0.31,0.1,0.2875,0.1145,0.0635,0.095,10,-3.146954726158761,-0.1599223412113929,2,2
,0.4,0.32,0.095,0.303,0.1335,0.06,0.1,7,-3.1191993050787787,1.5654073916527,2,2
,0.48,0.39,0.125,0.6905,0.219,0.155,0.2,12,-0.7347656266165397,-1.8293498329048892,0,0
,0.37,0.275,0.1,0.22,0.094,0.045,0.065,7,-3.6416340667123976,-0.1651925609569345,2,2
,0.39,0.285,0.095,0.271,0.11,0.06,0.08,8,-3.424423627569372,1.561514717536352,2,2
,0.57,0.48,0.175,1.185,0.474,0.261,0.38,11,1.9316040137314687,1.6454422039857164,1,1
,0.605,0.475,0.175,1.2525,0.5575,0.3055,0.343,9,2.2943669907351305,1.671318039062917,1,1
,0.63,0.5,0.175,1.2645,0.5635,0.3065,0.3425,10,2.5057245312396628,1.6706598244694246,1,1
,0.48,0.35,0.135,0.5465,0.2735,0.0995,0.158,8,-1.177401172069762,-0.1104913892287739,0,0
,0.285,0.205,0.07,0.106,0.039,0.0285,0.034,5,-4.830479457750486,-0.158711737915814,2,2
,0.47,0.355,0.13,0.5465,0.2005,0.126,0.185,14,-1.1732757066127832,-1.842124591350964,0,0
,0.57,0.45,0.18,0.908,0.4015,0.217,0.255,9,1.2044618401472873,-1.8116850248515763,0,0
,0.42,0.305,0.11,0.28,0.094,0.0785,0.0955,9,-2.997452627437185,-0.1704617251000919,2,2
,0.525,0.4,0.13,0.6455,0.325,0.1245,0.17,8,-0.5597263918049613,-0.0943167737343713,0,0
,0.535,0.42,0.145,0.6885,0.273,0.1515,0.237,9,-0.0753324796580351,-0.1147498949913248,0,0
,0.68,0.52,0.185,1.541,0.5985,0.395,0.4575,10,3.8355770386194976,-1.7487981278423828,1,1
,0.515,0.385,0.125,0.6115,0.3175,0.1265,0.15,8,-0.7923111961443373,-0.0929608417933935,0,0
,0.435,0.325,0.11,0.4335,0.178,0.0985,0.155,7,-2.3205885913966817,-1.862374732368499,2,2
,0.64,0.5,0.15,1.2015,0.559,0.231,0.3355,9,1.9951065698639523,-1.759556953595373,1,1
,0.475,0.35,0.1,0.4545,0.2165,0.111,0.115,7,-2.170126164882289,-0.1300472692899296,2,2
,0.655,0.515,0.2,1.373,0.443,0.3375,0.49,16,3.287669526584928,1.6301797974708083,1,1
,0.645,0.485,0.215,1.514,0.546,0.2615,0.635,16,3.704962221874967,1.6496030487119628,1,1
,0.425,0.325,0.1,0.398,0.1185,0.0645,0.0945,6,-2.897500094475473,-0.1555562149326243,2,2
,0.53,0.42,0.155,0.81,0.4725,0.111,0.192,10,0.1789060731803547,-0.0683324999682077,0,0
,0.49,0.355,0.16,0.8795,0.3485,0.215,0.2825,8,0.3155938225473846,-1.804450640190956,0,0
,0.625,0.5,0.195,1.369,0.5875,0.2185,0.37,17,2.5525551340359827,1.66422064463424,1,1
,0.485,0.36,0.13,0.5415,0.2595,0.096,0.16,10,-1.2179037240772954,1.605750689421677,0,0
,0.48,0.395,0.15,0.6815,0.2145,0.1405,0.2495,18,-0.4549651807613856,1.5887222452945695,0,0
,0.445,0.325,0.125,0.455,0.1785,0.1125,0.14,9,-2.126339199755746,-1.869404803662393,2,2
,0.415,0.325,0.14,0.417,0.1535,0.1015,0.144,10,-2.237404899848563,1.550218458075805,2,2
,0.58,0.45,0.185,0.9955,0.3945,0.272,0.285,11,1.632643098030773,-1.809493470018708,0,0
,0.63,0.48,0.165,1.2615,0.5505,0.277,0.3885,10,2.3686060655672927,-1.7635457642374854,1,1
,0.63,0.485,0.165,1.233,0.6565,0.2315,0.3035,10,2.1078314383553014,1.6947503861901143,1,1
,0.33,0.25,0.095,0.2085,0.102,0.0395,0.052,7,-3.978197054863048,-0.1578419536668302,2,2
,0.585,0.465,0.17,0.9915,0.3865,0.224,0.265,12,1.3266623115464031,-1.806750268737072,0,0
,0.485,0.395,0.16,0.66,0.2475,0.128,0.235,14,-0.3599183428745506,-1.8471595728345676,0,0
,0.37,0.275,0.1,0.2295,0.0885,0.0465,0.07,7,-3.6236107971998943,-0.1660351698821365,2,2
,0.495,0.385,0.135,0.6625,0.3005,0.1635,0.185,11,-0.5045709066211793,-1.8162352412131717,0,0
,0.49,0.37,0.14,0.585,0.243,0.115,0.195,10,-0.8574878829429575,-1.838472224479482,0,0
,0.55,0.46,0.13,0.7085,0.305,0.1455,0.205,12,-0.0499890425663301,1.6172523303983726,0,0
,0.605,0.495,0.17,1.2385,0.528,0.2465,0.39,14,2.221905460965855,-1.7753643569745146,1,1
,0.6,0.485,0.165,1.1405,0.587,0.2175,0.288,9,1.7424852117092469,-1.7624794147083642,1,1
,0.33,0.26,0.08,0.2,0.0625,0.05,0.07,9,-4.0396687965591145,-1.877402386690257,2,2
,0.64,0.515,0.165,1.369,0.632,0.3415,0.358,10,2.89768295877288,1.6985843687307527,1,1
,0.415,0.325,0.115,0.3285,0.1405,0.051,0.106,12,-2.8341134145586557,-0.1630606299591408,2,2
,0.61,0.47,0.145,1.153,0.403,0.296,0.32,14,1.5978745669428698,-1.7893541365773196,1,1
,0.19,0.145,0.04,0.038,0.0165,0.0065,0.015,4,-5.900590958228427,-0.1431299630117268,2,2
,0.55,0.42,0.135,0.816,0.3995,0.1485,0.23,12,0.1909148638958114,-0.0726448691800955,0,0
,0.485,0.355,0.12,0.547,0.215,0.1615,0.14,10,-1.2192162248065492,1.60568234619061,0,0
,0.485,0.37,0.115,0.637,0.38,0.1335,0.128,7,-0.9486071370584266,-0.0679387612233533,0,0
,0.35,0.27,0.09,0.2055,0.075,0.0575,0.062,6,-3.828007827540474,-0.1627973291787366,2,2
,0.555,0.425,0.14,0.963,0.44,0.224,0.24,7,0.7940116721104351,-1.7730186659716174,0,0
,0.655,0.52,0.165,1.4095,0.586,0.291,0.405,9,2.8703105006208585,1.685012315588175,1,1
,0.63,0.505,0.175,1.221,0.555,0.252,0.34,12,2.2667248646845217,1.662893016187331,1,1
,0.475,0.375,0.13,0.5175,0.2075,0.1165,0.17,10,-1.1996500732557758,1.5922117049844124,0,0
,0.59,0.46,0.13,1.102,0.455,0.2055,0.33,12,1.2682410185412634,1.67344491132915,0,0
,0.59,0.47,0.15,0.9955,0.481,0.232,0.24,8,1.2820329189697968,1.664557847088868,0,0
,0.55,0.405,0.15,0.6755,0.3015,0.1465,0.21,10,-0.0976476724796059,-0.1106697339242354,0,0
,0.35,0.275,0.065,0.205,0.0745,0.0465,0.07,10,-4.029689294236038,-1.8673827303207289,2,2
,0.575,0.425,0.15,0.8765,0.455,0.18,0.228,8,0.7084372395302315,-1.782523319273598,0,0
,0.21,0.15,0.05,0.042,0.0175,0.0125,0.015,4,-5.696030575064405,-0.1492498694070638,2,2
,0.64,0.5,0.17,1.5175,0.693,0.326,0.409,11,3.2407083611576786,-1.7189621875942138,1,1
,0.575,0.44,0.185,1.025,0.5075,0.2245,0.2485,10,1.4867684111155468,1.6539847734534612,0,0
,0.635,0.515,0.17,1.275,0.509,0.286,0.34,16,2.368460725131397,1.6583664121783506,1,1
,0.53,0.42,0.135,0.675,0.294,0.156,0.1825,10,-0.3129248223048428,1.6147068469481414,0,0
,0.435,0.34,0.11,0.407,0.1685,0.073,0.13,10,-2.4819114362036143,-0.1503097256263554,2,2
,0.64,0.575,0.175,1.4585,0.625,0.266,0.4395,11,3.2534922235738093,1.6850278053608472,1,1
,0.465,0.405,0.135,0.7775,0.436,0.1715,0.1455,10,-0.3038457229490759,1.658441445408498,0,0
,0.31,0.225,0.07,0.1055,0.435,0.015,0.04,5,-3.983115957386304,-0.066027882319275,2,2
,0.44,0.35,0.11,0.3805,0.1575,0.0895,0.115,6,-2.448262568809808,-0.1540464690802988,2,2
,0.425,0.345,0.125,0.425,0.16,0.0795,0.154,13,-2.2695308509229437,-0.1603664544171047,2,2
,0.65,0.52,0.195,1.6275,0.689,0.3905,0.432,11,3.9676977234666206,-1.727778553505291,1,1
,0.56,0.45,0.185,1.07,0.3805,0.175,0.41,19,1.5694121529014051,1.6203210782889863,0,0
,0.555,0.42,0.11,0.931,0.4445,0.171,0.225,8,0.250552734613945,-1.7582982473804305,0,0
,0.495,0.375,0.115,0.507,0.241,0.103,0.15,8,-1.3023436011389935,-0.1105707368732158,0,0
,0.61,0.47,0.17,1.1185,0.5225,0.2405,0.31,9,1.736483776307486,1.6561285208513774,1,1
,0.18,0.125,0.035,0.0265,0.0095,0.0055,0.0085,4,-6.106099129991087,-0.1404994193760917,2,2
,0.705,0.555,0.2,1.4685,0.4715,0.3235,0.52,19,3.8253710702971193,-1.800397877214342,1,1
,0.52,0.41,0.115,0.807,0.2855,0.179,0.235,12,-0.1978305065299868,-1.8034880885335416,0,0
,0.415,0.315,0.1,0.3645,0.1765,0.0795,0.095,8,-2.8400052046739845,-0.1411158543231515,2,2
,0.565,0.505,0.21,1.2765,0.501,0.279,0.355,12,2.483506895695315,-1.8010833156979456,1,1
,0.62,0.48,0.165,1.0855,0.481,0.2575,0.305,10,1.7131469707570657,1.6474289547873708,1,1
,0.625,0.48,0.16,1.2415,0.6575,0.2625,0.2785,9,2.0768714342101062,1.7010272964356752,1,1
,0.68,0.515,0.17,1.6115,0.8415,0.306,0.395,11,3.635319051810214,1.7542583858611138,1,1
,0.435,0.325,0.12,0.346,0.159,0.084,0.095,7,-2.5839751190341924,-0.1592038639496355,2,2
,0.245,0.195,0.06,0.095,0.0445,0.0245,0.026,4,-5.133642516192709,-0.1501550884733614,2,2
,0.57,0.445,0.15,0.9875,0.504,0.207,0.249,8,1.079443856281229,1.670760481254685,0,0
,0.515,0.42,0.15,0.6725,0.2555,0.1335,0.235,10,-0.2160715309578488,-0.1231779367912869,0,0
,0.255,0.185,0.07,0.075,0.028,0.018,0.025,6,-5.1255517758264055,-0.1608932173563512,2,2
,0.425,0.33,0.115,0.3265,0.1315,0.077,0.103,6,-2.7103156357900877,-0.1644485206925015,2,2
,0.445,0.35,0.12,0.4425,0.192,0.0955,0.135,8,-2.1666168105432813,1.5694433608066525,2,2
,0.53,0.405,0.125,0.6515,0.2715,0.1605,0.186,7,-0.4970204311922131,1.6154941364549933,0,0
,0.685,0.52,0.165,1.519,0.699,0.3685,0.4,10,3.538694184321268,1.721412193935978,1,1
,0.54,0.42,0.13,0.7505,0.368,0.1675,0.1845,9,-0.0424877204476167,-1.7966221001740486,0,0
,0.375,0.265,0.095,0.196,0.085,0.042,0.0585,5,-3.7763111032210177,-0.1650098133947067,2,2
,0.59,0.45,0.125,0.86,0.437,0.1515,0.245,9,0.5209948000047963,-0.0591153581271245,0,0
,0.555,0.455,0.18,0.958,0.296,0.195,0.39,14,1.334215498120325,-1.8375732597925976,0,0
,0.6,0.45,0.14,0.837,0.37,0.177,0.2425,10,0.6525787580371833,-1.8021633321829928,0,0
,0.395,0.325,0.105,0.306,0.111,0.0735,0.095,8,-3.0117541169934627,-0.163310825935915,2,2
,0.365,0.27,0.105,0.2155,0.0915,0.0475,0.063,6,-3.639828243593199,-0.1682524043936751,2,2
,0.605,0.515,0.17,1.289,0.6,0.2945,0.3315,9,2.4845273014402816,-1.7536306556468615,1,1
,0.355,0.255,0.08,0.187,0.078,0.0505,0.058,7,-4.008895177374521,-0.1563479712448712,2,2
,0.44,0.35,0.12,0.375,0.1425,0.0965,0.115,9,-2.3655304315557766,-0.1634446251153873,2,2
,0.4,0.305,0.16,0.368,0.173,0.0705,0.105,7,-2.3904104932680057,-1.89480954710557,2,2
,0.49,0.38,0.135,0.5415,0.2175,0.095,0.19,11,-1.0669372649666586,1.5904777463032516,0,0
,0.47,0.355,0.12,0.3685,0.126,0.0835,0.1365,6,-2.2638180584583387,-0.170044026561916,2,2
,0.385,0.31,0.1,0.2845,0.1065,0.075,0.1,11,-3.176188355252017,1.557166491350438,2,2
,0.57,0.46,0.155,1.0005,0.454,0.205,0.265,11,1.145309554436489,1.6548104329930002,0,0
,0.435,0.34,0.12,0.396,0.1775,0.081,0.125,8,-2.371348560298162,-0.154043631699703,2,2
,0.655,0.52,0.2,1.5475,0.713,0.314,0.466,9,3.821361344954809,-1.7338243989511912,1,1
,0.57,0.465,0.18,0.9995,0.405,0.277,0.295,16,1.6856118080851354,-1.8045214311517843,0,0
,0.53,0.405,0.13,0.738,0.2845,0.17,0.193,9,-0.3013833744485183,1.620305855387283,0,0
,0.285,0.225,0.07,0.1005,0.0425,0.0185,0.035,7,-4.780243737052372,-0.1603455510532689,2,2
,0.54,0.435,0.14,0.7345,0.33,0.1595,0.213,9,0.0428933133991478,1.621688293842633,0,0
,0.52,0.395,0.125,0.5815,0.2565,0.1265,0.17,10,-0.8294071860150347,1.6077588357102377,0,0
,0.41,0.325,0.11,0.326,0.1325,0.075,0.101,8,-2.8380503739502227,-0.160523922916021,2,2
,0.465,0.355,0.125,0.5255,0.2025,0.135,0.145,13,-1.3666949338077128,1.597620332768187,0,0
,0.475,0.355,0.125,0.4865,0.2155,0.1105,0.142,9,-1.422915372150953,-0.1209133735870419,0,0
,0.52,0.4,0.13,0.5825,0.233,0.1365,0.18,10,-0.7223885952380279,-0.1188537901151106,0,0
,0.65,0.505,0.19,1.274,0.59,0.23,0.391,11,2.641307229010992,1.6625736051934352,1,1
,0.335,0.24,0.095,0.17,0.062,0.039,0.055,9,-4.100000317597769,-0.1687732402694899,2,2
,0.63,0.5,0.17,1.3135,0.5595,0.267,0.4,20,2.5516993246272244,-1.7641741260807209,1,1
,0.325,0.27,0.1,0.185,0.08,0.0435,0.065,6,-3.875654271579408,-0.1686174529172222,2,2
,0.365,0.27,0.085,0.205,0.078,0.0485,0.07,7,-3.8263223139249374,-0.1601990312480532,2,2
,0.445,0.35,0.13,0.4195,0.1695,0.0945,0.1195,7,-2.1682467637499383,-0.1610142646025647,2,2
,0.43,0.34,0.11,0.3645,0.159,0.0855,0.105,7,-2.577843968957238,-0.1534790850045039,2,2
,0.41,0.315,0.11,0.321,0.1255,0.0655,0.095,10,-2.9303788083386664,-1.8802511015119612,2,2
,0.385,0.29,0.09,0.2615,0.111,0.0595,0.0745,9,-3.471064356588524,-0.1540584848463234,2,2
,0.64,0.54,0.175,1.571,0.627,0.271,0.475,18,3.3640308783013424,-1.7425682962935531,1,1
,0.49,0.365,0.13,0.6835,0.165,0.1315,0.205,21,-0.9346220206851532,-1.8454621177406412,0,0
,0.43,0.31,0.13,0.6485,0.2735,0.163,0.184,9,-1.1804671087026155,1.6236419766657897,0,0
,0.62,0.475,0.175,1.0165,0.4355,0.214,0.325,10,1.5746399763721637,-1.8114069555774288,1,0
,0.445,0.345,0.13,0.4075,0.1365,0.0645,0.18,11,-2.194438299063049,-0.1716172670833008,2,2
,0.595,0.5,0.165,1.06,0.402,0.28,0.275,11,1.745234834444522,1.639549141768187,0,1
,0.55,0.45,0.13,0.92,0.378,0.2385,0.29,11,0.8051896288389486,1.650484169968345,0,0
,0.59,0.415,0.15,0.8805,0.3645,0.234,0.235,11,0.7776160205456848,-1.8007405549393574,0,0
,0.59,0.435,0.165,0.9765,0.4525,0.2395,0.235,9,1.21651027769951,1.6511877149553562,0,0
,0.375,0.285,0.095,0.253,0.096,0.0575,0.0925,9,-3.4890343619866218,1.5574223471515218,2,2
,0.38,0.29,0.12,0.283,0.1175,0.0655,0.085,9,-3.1581124863710683,1.5492708200939211,2,2
,0.52,0.45,0.15,0.895,0.3615,0.186,0.235,14,0.4779342047669709,1.6317897306167457,0,0
,0.375,0.275,0.095,0.2295,0.095,0.0545,0.066,7,-3.621282819354561,-0.1611272099340325,2,2
,0.56,0.45,0.14,0.9,0.472,0.182,0.218,7,0.6648881659040019,1.6634812950106812,0,0
,0.425,0.325,0.095,0.3785,0.1705,0.08,0.1,7,-2.809733205057401,1.578030947227422,2,2
,0.69,0.53,0.21,1.583,0.7355,0.405,0.3865,12,4.210620915951015,1.7080409862512758,1,1
,0.34,0.255,0.085,0.204,0.097,0.021,0.05,6,-4.080788354769834,-1.8732236728728424,2,2
,0.575,0.47,0.165,0.853,0.292,0.179,0.35,16,1.025681890966938,1.5991903022152327,0,0
,0.575,0.45,0.17,0.9315,0.358,0.2145,0.26,13,1.0616542798005266,-0.0974348398244791,0,0
,0.8,0.63,0.195,2.526,0.933,0.59,0.62,23,7.403106314600787,-1.6291446973066137,1,1
,0.625,0.485,0.17,1.437,0.5855,0.293,0.475,11,2.8993844773060937,1.6863169746355289,1,1
,0.485,0.4,0.155,0.731,0.236,0.183,0.255,11,-0.0845655138290638,-1.8409273302629303,0,0
,0.675,0.535,0.22,1.604,0.6175,0.4255,0.453,14,4.376992108657473,-1.7610992479864949,1,1
,0.3,0.22,0.08,0.1255,0.055,0.0265,0.039,6,-4.576691567360297,-0.1616476835647331,2,2
,0.685,0.51,0.165,1.545,0.686,0.3775,0.4055,10,3.544907793510901,1.7207887826543051,1,1
,0.5,0.395,0.145,0.7865,0.332,0.1815,0.2455,8,0.0259276178963307,-0.0910340417113064,0,0
,0.475,0.365,0.12,0.5185,0.268,0.1095,0.1365,8,-1.3240885277231988,-0.1045144722393218,0,0
,0.355,0.28,0.1,0.2275,0.0935,0.0455,0.085,11,-3.6072223948553312,-0.1651010509237679,2,2
,0.195,0.135,0.04,0.0325,0.0135,0.005,0.0095,4,-5.956195117752147,-0.1434916013420352,2,2
,0.515,0.425,0.135,0.712,0.2665,0.1605,0.25,11,-0.1148187387689972,-1.826793305791103,0,0
,0.535,0.4,0.145,0.705,0.3065,0.1365,0.22,10,-0.187789067562343,-0.1049499116211308,0,0
,0.51,0.395,0.12,0.6175,0.262,0.122,0.193,12,-0.781954698468808,-1.8226409093338372,0,0
,0.55,0.415,0.135,0.8095,0.2985,0.2015,0.28,12,0.3220914833696512,-0.0943881418931781,0,0
,0.745,0.585,0.215,2.499,0.9265,0.472,0.7,17,6.933487825228659,1.7896825974123662,1,1
,0.36,0.265,0.085,0.1865,0.0675,0.037,0.0615,7,-3.965228104687226,-0.1636717240255317,2,2
,0.37,0.28,0.105,0.234,0.0905,0.0585,0.075,9,-3.510701881817208,1.550059715122145,2,2
,0.625,0.485,0.135,1.3025,0.61,0.2675,0.3605,14,2.132373363189468,-1.729938244752882,1,1
,0.45,0.335,0.115,0.3935,0.195,0.071,0.11,7,-2.435807477849673,-0.1474392227929479,2,2
,0.58,0.435,0.15,0.839,0.3485,0.207,0.192,7,0.5391160581423389,-1.809066947615302,0,0
,0.425,0.34,0.105,0.389,0.2015,0.0905,0.088,6,-2.5726428228909155,-0.1384265454255,2,2
,0.525,0.4,0.125,0.6965,0.369,0.1385,0.164,9,-0.4476930255258602,-0.0773629395371776,0,0
,0.605,0.48,0.17,1.1835,0.582,0.2365,0.317,10,1.9279390109167325,1.6726729756047258,1,1
,0.62,0.47,0.14,1.0325,0.3605,0.224,0.36,15,1.46204139575323,-1.7957800691187658,0,0
,0.665,0.515,0.185,1.3405,0.5595,0.293,0.4375,11,3.0920384815995963,-1.7728520246519903,1,1
,0.56,0.44,0.155,0.6405,0.336,0.1765,0.245,8,0.3867814567348314,-1.8267358306957304,0,0
,0.57,0.465,0.16,0.8935,0.3145,0.2575,0.263,10,1.092395368058488,-1.82048703808541,0,0
,0.54,0.41,0.13,0.56,0.2375,0.1065,0.175,7,-0.7666148235088576,1.5961248846631697,0,0
,0.5,0.39,0.125,0.583,0.294,0.132,0.1605,8,-0.8385684204928193,-0.0997594264801523,0,0
,0.685,0.52,0.15,1.3735,0.7185,0.293,0.32,11,2.810171871885512,1.7244157255501575,1,1
,0.445,0.37,0.125,0.515,0.2495,0.087,0.159,9,-1.4334605673028584,1.6048679357468747,0,0
,0.52,0.4,0.13,0.6245,0.215,0.2065,0.17,15,-0.4727546651044165,-1.8350164122150976,0,0
,0.695,0.55,0.195,1.6645,0.727,0.36,0.445,11,4.23351217197501,1.7136818770058275,1,1
,0.52,0.4,0.14,0.622,0.278,0.1455,0.169,8,-0.518132348976803,-0.1113319953166556,0,0
,0.675,0.545,0.185,1.7375,0.876,0.3135,0.469,13,4.283836334337697,1.757138200060815,1,1
,0.425,0.33,0.13,0.4405,0.152,0.0935,0.155,9,-2.2519954756487146,1.555604683327571,2,2
,0.675,0.51,0.185,1.473,0.6295,0.3025,0.4245,11,3.3404894203053925,-1.748753940962705,1,1
,0.445,0.34,0.12,0.4475,0.193,0.1035,0.13,9,-2.1868180909310526,1.5712611648262458,2,2
,0.375,0.3,0.075,0.144,0.059,0.03,0.044,7,-3.985663788936949,-0.1653316768374153,2,2
,0.245,0.19,0.06,0.086,0.042,0.014,0.025,4,-5.207846251568009,-0.1514039879421564,2,2
,0.595,0.475,0.14,0.944,0.3625,0.189,0.315,9,1.0323388007741474,1.6353934825152685,0,0
,0.63,0.49,0.18,1.13,0.458,0.2765,0.315,12,2.0161231639412875,1.635030075709408,1,1
,0.52,0.38,0.135,0.5395,0.2295,0.133,0.157,8,-0.8821964142726934,-0.1230665907480826,0,0
,0.65,0.52,0.21,1.6785,0.6665,0.308,0.46,11,3.844311836463908,1.691290208313913,1,1
,0.53,0.425,0.13,0.781,0.3905,0.2005,0.215,9,0.2015608279062215,-0.0700843786556256,0,0
,0.55,0.465,0.15,1.082,0.3575,0.194,0.19,14,0.7278899425836007,-1.797572585199058,0,0
,0.75,0.565,0.215,1.938,0.7735,0.4825,0.575,11,5.83482930790791,-1.7069281069983984,1,1
,0.755,0.575,0.2,2.073,1.0135,0.4655,0.48,11,5.9695147350221065,-1.6344168363997338,1,1
,0.405,0.3,0.11,0.32,0.172,0.044,0.093,7,-3.02923455102609,-0.1508467688829564,2,2
,0.265,0.195,0.06,0.092,0.0345,0.025,0.0245,6,-5.088545246299278,-0.1532633956248155,2,2
,0.58,0.46,0.165,1.2275,0.473,0.1965,0.435,16,1.7497075768005272,1.6500256411873864,1,1
,0.62,0.525,0.155,1.085,0.454,0.1965,0.35,10,1.6663299456024716,1.6390352934274666,1,1
,0.67,0.51,0.18,1.68,0.926,0.2975,0.3935,13,3.8433867007736633,1.772283509003709,1,1
,0.28,0.22,0.08,0.1315,0.066,0.024,0.03,5,-4.6550675651951146,-0.158160965753418,2,2
,0.36,0.28,0.08,0.1755,0.081,0.0505,0.07,6,-3.85849216136896,-0.1584598542520523,2,2
,0.615,0.51,0.15,1.296,0.545,0.3315,0.32,9,2.2947733575710254,1.6838523733244195,1,1
,0.55,0.44,0.155,0.946,0.313,0.1825,0.335,16,0.8498953742810932,-1.8180305259019716,0,0
,0.63,0.455,0.15,1.1315,0.481,0.2745,0.305,9,1.6124683698505689,1.6612402926357852,1,1
,0.31,0.235,0.06,0.12,0.0415,0.033,0.04,11,-4.678067214023272,1.5636296744695175,2,2
,0.575,0.47,0.15,1.1415,0.4515,0.204,0.4,13,1.6586937732147469,1.661440268507841,0,1
,0.575,0.45,0.17,1.0475,0.3775,0.1705,0.385,18,1.4105664601442156,-1.8092330098777925,0,0
,0.55,0.425,0.15,0.639,0.269,0.1345,0.217,9,-0.1283657324855298,-0.1226878670886107,0,0
,0.395,0.295,0.095,0.2245,0.078,0.054,0.08,10,-3.449070333241543,-1.885958601806412,2,2
,0.505,0.405,0.14,0.875,0.2665,0.174,0.285,12,0.0647872570796209,1.616557247774952,0,0
,0.505,0.395,0.145,0.6515,0.2695,0.153,0.205,15,-0.3867400460089109,-1.8321307743342856,0,0
,0.175,0.135,0.04,0.0305,0.011,0.0075,0.01,5,-6.037786979230935,1.5746351103068323,2,2
,0.505,0.425,0.14,0.85,0.275,0.1625,0.285,19,0.1350988236614431,-1.8210658185802544,0,0
,0.415,0.32,0.11,0.3735,0.175,0.0755,0.109,7,-2.700292095354105,-0.147761001155346,2,2
,0.53,0.41,0.14,0.681,0.3095,0.1415,0.1835,6,-0.3273817771125926,1.6157168816476242,0,0
,0.545,0.42,0.14,0.7505,0.2475,0.13,0.255,22,-0.1244590302133589,1.6013178709953575,0,0
,0.455,0.36,0.115,0.457,0.2085,0.0855,0.147,10,-2.078004592846077,-0.1428280938911265,2,2
,0.46,0.38,0.135,0.482,0.207,0.1225,0.145,10,-1.2665357409880131,1.5881000312721412,0,0
,0.58,0.47,0.165,0.9975,0.3935,0.242,0.33,10,1.5211656953357549,1.6345060565563867,0,0
,0.525,0.395,0.12,0.608,0.297,0.1395,0.1405,8,-0.7807003925133735,-0.095355605628068,0,0
,0.53,0.435,0.17,0.8155,0.2985,0.155,0.275,13,0.48410789802785,-1.8366629963687613,0,0
,0.72,0.55,0.205,2.165,1.1055,0.525,0.404,10,5.998622832899488,1.832902729986399,1,1
,0.61,0.485,0.16,1.0145,0.5315,0.212,0.2415,8,1.5382028907776626,1.6687704825727097,0,0
,0.65,0.495,0.16,1.3105,0.577,0.3315,0.355,9,2.64719806301039,-1.750010563393248,1,1
,0.655,0.515,0.17,1.527,0.8485,0.2635,0.331,11,3.186831665519869,-1.6853885759727516,1,1
,0.285,0.21,0.055,0.101,0.0415,0.017,0.0335,5,-4.986221963330153,-0.1505490230838551,2,2
,0.5,0.4,0.12,0.616,0.261,0.143,0.1935,8,-0.7376995265785782,-0.1037192511091577,0,0
,0.695,0.55,0.205,2.173,1.133,0.4665,0.496,10,6.019522812408642,1.836203805519245,1,1
,0.58,0.445,0.16,0.984,0.49,0.201,0.27,9,1.21237659703832,1.6604046547567672,0,0
,0.735,0.59,0.225,1.756,0.637,0.3405,0.58,21,5.032707443178166,1.6714808305855184,1,1
,0.51,0.455,0.135,0.6855,0.2875,0.154,0.2035,9,-0.1684622253631166,-0.1070365570490222,0,0
,0.465,0.34,0.11,0.346,0.1425,0.073,0.113,11,-2.5268784303096568,-0.1602215134818894,2,2
,0.395,0.295,0.1,0.2715,0.134,0.0325,0.085,10,-3.3470697767466806,-0.1563515308872209,2,2
,0.495,0.385,0.13,0.6905,0.3125,0.179,0.175,10,-0.4754880724440496,-1.807998761129616,0,0
,0.645,0.52,0.17,1.197,0.526,0.2925,0.317,11,2.3815999839328588,-1.7774932190022843,1,1
,0.575,0.445,0.17,0.8015,0.3475,0.1465,0.25,9,0.6337183130487007,-0.109736774338282,0,0
,0.665,0.5,0.175,1.4355,0.643,0.345,0.37,9,3.168675166802623,-1.7371330975153734,1,1
,0.58,0.45,0.15,0.927,0.276,0.1815,0.36,14,0.898845306293008,1.609234269705934,0,0
,0.435,0.33,0.125,0.406,0.1685,0.1055,0.096,12,-2.369466721291814,-0.1561272439725155,2,2
,0.67,0.505,0.175,1.0145,0.4375,0.271,0.3745,10,2.2228000054959374,-1.8120319457735796,1,1
,0.5,0.405,0.14,0.6735,0.265,0.124,0.25,18,-0.3734605616443576,-1.832082185084304,0,0
,0.53,0.415,0.15,0.7775,0.237,0.1415,0.33,20,0.19053771848862,-1.8413184906639728,0,0
,0.475,0.365,0.14,0.4545,0.171,0.118,0.158,8,-1.2821095292941906,-0.1426297568950236,0,0
,0.5,0.415,0.165,0.6885,0.249,0.138,0.25,13,-0.1112701363762895,1.5861791248636972,0,0
,0.535,0.435,0.16,0.8105,0.3155,0.1795,0.24,10,0.4282206572684234,-1.8251731605232124,0,0
,0.58,0.445,0.135,0.814,0.3775,0.1915,0.22,9,0.4663233957993067,1.6398038111668611,0,0
,0.6,0.495,0.175,1.29,0.606,0.276,0.3445,11,2.374459089446142,1.6816152698722646,1,1
,0.645,0.52,0.175,1.636,0.779,0.342,0.432,11,3.728252337049359,1.739709767643678,1,1
,0.565,0.465,0.15,1.1815,0.581,0.2215,0.3095,9,1.4903573650970472,-0.0323498245971655,1,0
,0.37,0.28,0.085,0.217,0.1095,0.035,0.062,6,-3.7739835994808337,-0.1536689601100186,2,2
,0.465,0.355,0.12,0.4975,0.2375,0.099,0.14,8,-1.5004850536415424,-0.1124700022619127,0,0
,0.555,0.405,0.12,0.913,0.4585,0.196,0.2065,9,0.3260135801065408,-1.7587871733565257,0,0
,0.24,0.17,0.05,0.0545,0.0205,0.016,0.0155,5,-5.4811669837449575,-0.1502166932905398,2,2
,0.655,0.52,0.19,1.4545,0.6,0.3865,0.383,10,3.4787480417970023,-1.7544996213247703,1,1
,0.535,0.455,0.14,1.0015,0.53,0.1765,0.244,9,0.8628196996960367,-0.0359915081756656,0,0
,0.55,0.425,0.15,0.7665,0.339,0.176,0.21,8,0.2374514721714957,-0.097090180607178,0,0
,0.275,0.205,0.07,0.1055,0.495,0.019,0.0315,5,-4.086570527802742,-0.0485227285590725,2,2
,0.765,0.6,0.22,2.302,1.007,0.509,0.6205,12,6.9938377390379936,1.7980794371684667,1,1
,0.51,0.4,0.14,0.8145,0.459,0.1965,0.195,10,0.2160548083832924,-1.7733292934996676,0,0
,0.725,0.565,0.215,1.891,0.6975,0.4725,0.58,16,5.515096878606531,1.708693368768238,1,1
,0.5,0.37,0.15,1.0615,0.494,0.223,0.296,9,0.7703734498190886,1.6804259511635695,0,0
,0.615,0.475,0.17,1.055,0.543,0.246,0.2345,9,1.5961941365288912,-1.7775416521037988,1,1
,0.575,0.425,0.14,0.8635,0.393,0.227,0.2,11,0.5536783319360814,1.6470543462985658,0,0
,0.64,0.5,0.17,1.4545,0.642,0.3575,0.354,9,3.017448289068192,1.7043358706784035,1,1
,0.6,0.47,0.13,1.0105,0.423,0.219,0.298,9,1.1663921036729386,1.6613731807471976,0,0
,0.51,0.4,0.125,0.5575,0.2615,0.1195,0.1525,9,-0.9122621487187288,-0.1106104083949037,0,0
,0.62,0.465,0.14,1.1605,0.6005,0.2195,0.307,9,1.6098226078157056,-1.7425155402970371,1,1
,0.625,0.495,0.155,1.177,0.5055,0.278,0.345,9,2.01519292320614,1.6630934553185477,1,1
,0.6,0.475,0.205,1.176,0.5255,0.2875,0.308,9,2.2541169232092138,1.6416003569832078,1,1
,0.63,0.505,0.195,1.306,0.516,0.3305,0.375,9,2.870825915655592,-1.7862126333606787,1,1
,0.395,0.28,0.08,0.266,0.0995,0.066,0.09,12,-3.5331459293349816,1.56811950531534,2,2
,0.345,0.265,0.1,0.2455,0.111,0.0535,0.065,7,-3.684665414258378,-0.1578080177239513,2,2
,0.365,0.265,0.085,0.213,0.0945,0.049,0.06,7,-3.837482078185898,-0.1552805065722733,2,2
,0.52,0.41,0.115,0.77,0.263,0.157,0.26,11,-0.3142853926876686,1.6239039970724791,0,0
,0.44,0.32,0.095,0.3275,0.1495,0.059,0.1,8,-2.9193138018307723,-0.1488791961698589,2,2
,0.59,0.465,0.14,1.046,0.4695,0.263,0.263,7,1.3749357985624109,1.6721114513428228,0,0
,0.575,0.44,0.125,0.8515,0.4555,0.1715,0.1965,9,0.38868210732992,-0.0520794208244459,0,0
,0.49,0.375,0.15,0.5755,0.22,0.144,0.19,9,-0.7053684329089626,-1.849034696627193,0,0
,0.235,0.175,0.055,0.067,0.027,0.0125,0.018,6,-5.416725086221385,-0.151496728690688,2,2
,0.66,0.515,0.155,1.4415,0.7055,0.3555,0.335,10,3.05572851838265,1.726264064381321,1,1
,0.57,0.44,0.14,0.9535,0.3785,0.201,0.305,17,0.8909069851748667,-1.7920887027777694,0,0
,0.61,0.47,0.165,1.052,0.498,0.242,0.267,9,1.6757610300933,1.662213194749901,0,0
,0.395,0.3,0.09,0.2855,0.1385,0.0625,0.077,5,-3.3078477685628376,-0.1471985207446892,2,2
,0.68,0.52,0.195,1.4535,0.592,0.391,0.4125,10,3.658571940102183,1.6759624317064394,1,1
,0.745,0.57,0.215,2.25,1.1565,0.446,0.558,9,6.60704370508362,-1.601507958995318,1,1
,0.36,0.265,0.075,0.1785,0.0785,0.035,0.054,6,-4.069734847004079,-0.1555082549233679,2,2
,0.495,0.4,0.14,0.7775,0.2015,0.18,0.25,15,-0.2676830524679018,1.597586442724853,0,0
,0.575,0.445,0.14,0.941,0.3845,0.252,0.285,9,1.058831076174509,-1.7885223559738477,0,0
,0.545,0.46,0.16,0.8975,0.341,0.1655,0.345,10,0.8995657869021835,1.6170804507387933,0,0
,0.295,0.215,0.085,0.128,0.049,0.034,0.04,6,-4.548253874538078,-0.1649546158640822,2,2
,0.63,0.48,0.15,1.271,0.6605,0.2425,0.31,11,2.05269264497716,1.7074039867627868,1,1
,0.525,0.415,0.135,0.7945,0.394,0.189,0.202,7,0.1075610374425236,1.6469483160999496,0,0
,0.66,0.53,0.195,1.5505,0.6505,0.3295,0.495,10,3.830049530285218,1.6899922215638334,1,1
,0.315,0.235,0.075,0.1485,0.0585,0.0375,0.0425,6,-4.431848763845911,-0.1577719642126341,2,2
,0.665,0.505,0.165,1.349,0.5985,0.3175,0.36,9,2.817813888614546,-1.748060820047756,1,1
,0.55,0.46,0.175,0.869,0.3155,0.1825,0.32,10,0.9701378100752224,1.6017981651115063,0,0
,0.645,0.505,0.165,1.307,0.4335,0.262,0.52,10,2.6382758106214315,1.6417173167847752,1,1
,0.68,0.55,0.175,1.473,0.713,0.282,0.4295,11,3.5231020567110214,-1.7272544256991136,1,1
,0.55,0.415,0.135,0.8145,0.427,0.1855,0.175,8,0.2141481027754397,-1.7809492549296944,0,0
,0.685,0.54,0.16,1.6675,0.833,0.3775,0.475,11,4.228073819635956,-1.6741443325982257,1,1
,0.425,0.32,0.1,0.3055,0.126,0.06,0.106,7,-2.965933691835528,-0.1581452389821594,2,2
,0.63,0.49,0.19,1.1775,0.4935,0.3365,0.285,11,2.3429099072468027,1.643881658359572,1,1
,0.595,0.47,0.155,1.121,0.4515,0.178,0.155,11,0.9883308536475924,-1.7782084546694088,0,0
,0.575,0.43,0.13,0.7425,0.2895,0.2005,0.22,8,0.1756491344235287,-0.0981691303699146,0,0
,0.615,0.48,0.185,1.2205,0.4985,0.315,0.33,10,2.3020306530978383,1.649587532118719,1,1
,0.585,0.435,0.14,0.6955,0.3085,0.129,0.2245,8,0.0814099652349706,-1.824841328620997,0,0
,0.615,0.505,0.165,1.167,0.4895,0.2955,0.345,10,2.138153383330868,1.6533540017832635,1,1
,0.565,0.455,0.15,0.8205,0.365,0.159,0.26,18,0.603929304699254,-1.810717332938529,0,0
,0.595,0.465,0.155,1.026,0.4645,0.112,0.305,12,1.1004047414283298,-1.7847395047697554,0,0
,0.51,0.4,0.145,0.5775,0.231,0.143,0.177,9,-0.6160726738734936,-0.1277424846963238,0,0
,0.705,0.535,0.18,1.685,0.693,0.42,0.4045,12,4.168843122385463,-1.715955015885313,1,1
,0.37,0.28,0.11,0.2305,0.0945,0.0465,0.075,10,-3.470399969177092,-1.8890055752564916,2,2
,0.41,0.305,0.095,0.2625,0.1,0.0515,0.09,6,-3.283515303774417,-0.1622230993081648,2,2
,0.57,0.445,0.155,1.017,0.5265,0.2025,0.265,10,1.2545008172337115,-1.761971085233884,0,0
,0.405,0.305,0.12,0.3185,0.1235,0.0905,0.095,7,-2.849668391363243,1.5518611615075413,2,2
,0.52,0.385,0.115,0.669,0.2385,0.172,0.205,12,-0.6497562323566898,1.6166449081316467,0,0
,0.46,0.355,0.11,0.436,0.1975,0.096,0.125,8,-2.188120559840369,-0.1424172589402262,2,2
,0.505,0.4,0.13,0.764,0.3035,0.189,0.2175,11,-0.2105731724147904,1.6281608248100072,0,0
,0.585,0.475,0.12,0.945,0.41,0.2115,0.28,14,0.8893513413185242,1.6608000563855316,0,0
,0.21,0.15,0.055,0.0465,0.017,0.012,0.015,5,-5.650679712697966,-0.1521460023548272,2,2
,0.47,0.385,0.13,0.587,0.264,0.117,0.174,8,-0.983943204418512,-0.1095500577521631,0,0
,0.645,0.525,0.16,1.5075,0.7455,0.245,0.4325,11,3.092087930323126,1.72813833110513,1,1
,0.57,0.46,0.135,0.9795,0.397,0.2525,0.2655,9,1.0599385992667751,-1.781518707390532,0,0
,0.58,0.45,0.235,1.071,0.3,0.206,0.395,14,1.8412399077303,-1.8751835224874749,1,1
,0.505,0.405,0.16,0.6835,0.271,0.145,0.215,10,-0.1835809515597518,-1.8405098714331023,0,0
,0.65,0.51,0.175,1.155,0.4955,0.2025,0.385,12,2.140332852694497,1.6408995173601657,1,1
,0.545,0.435,0.15,0.6855,0.2905,0.145,0.225,10,0.0533073455638052,-1.833471686903049,0,0
,0.615,0.515,0.17,1.14,0.4305,0.2245,0.42,16,2.0855387269948107,-1.8072258337470013,1,1
,0.575,0.465,0.175,1.099,0.4735,0.202,0.35,9,1.5458887961203018,-1.79711697090427,1,1
,0.58,0.46,0.185,1.017,0.3515,0.2,0.32,10,1.450554196967654,-1.824362905671319,0,0
,0.475,0.365,0.1,0.1315,0.2025,0.0875,0.123,7,-2.4688248549110035,-0.1515587650767746,2,2
,0.375,0.28,0.09,0.215,0.084,0.06,0.055,6,-3.688419973341624,-0.1614807296223034,2,2
,0.605,0.47,0.165,1.2315,0.6025,0.262,0.2925,11,1.9429375823609707,1.685481359035126,1,1
,0.13,0.095,0.035,0.0105,0.005,0.0065,0.0035,4,-6.432353639945667,-0.1383519889868694,2,2
,0.34,0.25,0.075,0.1785,0.0665,0.0455,0.045,5,-4.2085814582620085,-0.1558947398853661,2,2
,0.635,0.515,0.19,1.3715,0.5065,0.305,0.45,10,3.045077595976337,-1.7857044952855303,1,1
,0.635,0.495,0.195,1.172,0.445,0.3115,0.3475,11,2.421019757725571,1.6261988335510456,1,1
,0.635,0.475,0.15,1.1845,0.533,0.307,0.291,10,1.965292831422792,-1.759490821520829,1,1
,0.655,0.505,0.19,1.3485,0.5935,0.2745,0.425,12,3.024901589544044,-1.7670652378247294,1,1
,0.53,0.435,0.16,0.883,0.316,0.164,0.335,15,0.6538781614316611,1.6128050257928277,0,0
,0.685,0.54,0.215,1.7025,0.664,0.3655,0.4735,14,4.392288286909881,-1.746671696179025,1,1
,0.57,0.45,0.16,0.8615,0.3725,0.2175,0.255,12,0.9018662522819328,1.6271302542595838,0,0
,0.16,0.12,0.035,0.021,0.0075,0.0045,0.005,5,-6.21680758790762,-0.1402773671772977,2,2
,0.66,0.525,0.2,1.463,0.6525,0.2995,0.422,11,3.49890463653205,-1.7534593755194416,1,1
,0.34,0.245,0.085,0.2015,0.1005,0.038,0.053,6,-4.06459956255636,-0.1526113100588031,2,2
,0.51,0.39,0.135,0.6335,0.231,0.179,0.2,9,-0.4821226401609144,-1.8345344073574432,0,0
,0.54,0.41,0.135,0.7025,0.31,0.177,0.2,8,-0.1225547044518492,-0.0966214501856179,0,0
,0.35,0.265,0.09,0.197,0.073,0.0365,0.077,7,-3.91137698630785,1.5533957048397444,2,2
,0.2,0.145,0.05,0.036,0.0125,0.008,0.011,4,-5.792825096153114,-0.1502763758073672,2,2
,0.55,0.425,0.135,0.7305,0.3325,0.1545,0.215,9,-0.0021509042255125,-0.092841066591715,0,0
,0.665,0.515,0.2,1.2695,0.5115,0.2675,0.436,12,2.9447630442316552,1.637934115143851,1,1
,0.71,0.57,0.195,1.348,0.8985,0.4435,0.4535,11,4.740845269805239,1.7429557303686332,1,1
,0.715,0.545,0.18,1.7405,0.871,0.347,0.449,10,4.434890452646814,1.7600676893904812,1,1
,0.725,0.53,0.19,1.7315,0.83,0.398,0.405,11,4.511101354141493,-1.6879735808956893,1,1
,0.65,0.5,0.17,1.4045,0.694,0.318,0.3235,11,2.905691872550604,-1.7239726270547069,1,1
,0.53,0.43,0.135,0.879,0.28,0.2165,0.25,10,0.2918942212745647,1.6231414026921085,0,0
,0.3,0.22,0.08,0.121,0.0475,0.042,0.035,5,-4.548476459855461,-0.1627108552759286,2,2
,0.695,0.57,0.23,1.885,0.8665,0.435,0.5,19,5.497114299706063,1.7395613274269943,1,1
,0.545,0.45,0.15,0.8795,0.387,0.15,0.2625,11,0.5426705818585522,1.6340466357514771,0,0
,0.665,0.52,0.165,1.6885,0.7295,0.407,0.4265,11,3.922058740969788,-1.6966924490131563,1,1
,0.6,0.475,0.18,1.162,0.511,0.2675,0.32,18,1.9916190069247093,-1.7852936698966684,1,1
,0.46,0.35,0.11,0.4,0.176,0.083,0.1205,7,-2.338525454611444,-0.1496696817265987,2,2
,0.455,0.335,0.105,0.4055,0.175,0.092,0.1185,8,-2.431528807057953,-0.1447748981031133,2,2
,0.585,0.445,0.14,0.913,0.4305,0.2205,0.253,10,0.9440152492165934,-1.7805495321773768,0,0
,0.54,0.415,0.15,0.8115,0.3875,0.1875,0.2035,9,0.3288545522092304,-1.7994321075726587,0,0
,0.65,0.5,0.19,1.464,0.6415,0.339,0.4245,9,3.4067215777525326,-1.7455157818851244,1,1
,0.575,0.42,0.135,0.857,0.461,0.147,0.2125,10,0.3832418118512122,-1.7745230222295036,0,0
,0.35,0.255,0.085,0.2145,0.1,0.0465,0.06,13,-3.94577977394606,1.5653163629870557,2,2
,0.335,0.255,0.08,0.168,0.079,0.0355,0.05,5,-4.169419355694758,-0.1572345177983982,2,2
,0.215,0.15,0.03,0.0385,0.0115,0.005,0.01,5,-5.911948001423103,-0.1395718435096455,2,2
,0.335,0.25,0.08,0.183,0.0735,0.04,0.0575,6,-4.149146318795195,-0.1572593243695297,2,2
,0.475,0.385,0.12,0.562,0.289,0.0905,0.153,8,-1.2075147834797288,1.6178223868447472,0,0
,0.47,0.355,0.18,0.441,0.1525,0.1165,0.135,8,-1.0844432848964156,-1.8884218598612768,0,0
,0.505,0.385,0.145,0.6775,0.236,0.179,0.2,15,-0.421016545647603,1.5995980481904286,0,0
,0.52,0.43,0.15,0.728,0.302,0.1575,0.235,11,0.0788332689418205,-1.8268786271142088,0,0
,0.595,0.435,0.15,0.9,0.4175,0.17,0.265,8,0.8398768161761362,-1.792872380347326,0,0
,0.545,0.43,0.15,0.742,0.3525,0.158,0.208,10,0.1727293396181103,-0.0962990248475927,0,0
,0.465,0.355,0.12,0.5805,0.255,0.0915,0.184,8,-1.299956426205159,-0.1051865190860501,0,0
,0.365,0.275,0.085,0.223,0.098,0.0375,0.075,7,-3.7806237613621434,-0.1556080581600085,2,2
